timestamp,equity,cash,positions_value
2023-10-10 15:15:00+00:00,100007.675,99109.625,898.0500000000001
2023-10-11 17:05:00+00:00,100002.79999999999,99109.59999999999,893.1999999999999
2023-10-12 18:50:00+00:00,100014.55900000001,100014.55900000001,0.0
2023-10-16 14:05:00+00:00,100016.25900000002,100016.25900000002,0.0
2023-10-17 15:50:00+00:00,100007.34200000002,100007.34200000002,0.0
2023-10-18 17:35:00+00:00,99994.66700000004,99994.66700000004,0.0
2023-10-19 19:25:00+00:00,99991.79200000004,99991.79200000004,0.0
2023-10-23 14:40:00+00:00,99994.01700000004,99134.41700000003,859.5999999999999
2023-10-24 16:30:00+00:00,99995.16700000002,99995.16700000002,0.0
2023-10-25 18:15:00+00:00,99991.36700000003,99134.44200000002,856.925
2023-10-27 13:25:00+00:00,99989.09200000003,99989.09200000003,0.0
2023-10-30 15:05:00+00:00,99980.16700000003,99980.16700000003,0.0
2023-10-31 16:55:00+00:00,99977.21700000003,99127.21700000003,850.0
2023-11-01 18:30:00+00:00,99981.91700000003,99116.91700000003,865.0
2023-11-02 20:45:00+00:00,99985.05750000002,99985.05750000002,0.0
2023-11-06 16:00:00+00:00,99998.68250000001,99104.23250000001,894.4499999999999
2023-11-07 17:45:00+00:00,100008.8385,100008.8385,0.0
2023-11-08 19:35:00+00:00,100006.0635,100006.0635,0.0
2023-11-10 14:50:00+00:00,100011.71350000001,99090.21350000001,921.5
2023-11-13 16:40:00+00:00,100016.41350000004,99091.66350000004,924.75
2023-11-14 18:25:00+00:00,100013.58850000003,99076.28850000002,937.3000000000001
2023-11-15 20:15:00+00:00,100012.28850000005,100012.28850000005,0.0
2023-11-17 15:20:00+00:00,100014.46350000006,100014.46350000006,0.0
2023-11-20 17:05:00+00:00,100019.86350000005,99062.71350000006,957.1500000000001
2023-11-21 18:50:00+00:00,100017.11350000004,99064.41350000004,952.6999999999999
2023-11-22 20:40:00+00:00,100018.63850000002,100018.63850000002,0.0
2023-11-27 18:55:00+00:00,100021.41350000001,100021.41350000001,0.0
2023-11-28 20:45:00+00:00,100021.86349999999,99071.4635,950.4000000000001
2023-11-30 16:05:00+00:00,100015.7635,100015.7635,0.0
2023-12-01 17:55:00+00:00,100027.56349999999,99069.96349999998,957.6
2023-12-04 19:45:00+00:00,100020.63849999997,99075.23849999998,945.4000000000001
2023-12-06 15:00:00+00:00,100030.45749999999,100030.45749999999,0.0
2023-12-07 16:45:00+00:00,100028.7575,99055.5075,973.25
2023-12-08 18:35:00+00:00,100026.4325,99049.7825,976.6500000000001
2023-12-11 20:20:00+00:00,100030.53250000002,99065.75750000002,964.7750000000001
2023-12-13 15:35:00+00:00,100045.55750000002,99062.83250000002,982.7249999999999
2023-12-14 17:20:00+00:00,100051.83250000003,100051.83250000003,0.0
2023-12-15 19:05:00+00:00,100043.83250000005,99055.98250000004,987.8499999999999
2023-12-18 20:45:00+00:00,100044.63250000004,99063.05750000004,981.575
2023-12-20 16:05:00+00:00,100045.88250000005,100045.88250000005,0.0
2023-12-21 17:55:00+00:00,100039.70750000006,100039.70750000006,0.0
2023-12-22 19:45:00+00:00,100037.03250000007,100037.03250000007,0.0
2023-12-27 15:00:00+00:00,100034.65750000009,100034.65750000009,0.0
2023-12-28 16:50:00+00:00,100041.9575000001,99071.0825000001,970.875
2023-12-29 18:40:00+00:00,100037.3075000001,99075.95750000009,961.35
2024-01-02 20:25:00+00:00,100024.17700000008,99102.07700000008,922.0999999999999
2024-01-04 15:40:00+00:00,100022.02700000007,100022.02700000007,0.0
2024-01-05 17:25:00+00:00,100020.82700000009,100020.82700000009,0.0
2024-01-08 19:15:00+00:00,100036.78300000008,99113.48300000008,923.3
2024-01-09 20:35:00+00:00,100036.00800000007,99112.38300000007,923.625
2024-01-11 15:55:00+00:00,100039.15800000007,100039.15800000007,0.0
2024-01-12 17:40:00+00:00,100039.35800000007,100039.35800000007,0.0
2024-01-16 19:20:00+00:00,100028.62750000006,100028.62750000006,0.0
2024-01-18 14:35:00+00:00,100034.49200000009,100034.49200000009,0.0
2024-01-19 16:25:00+00:00,100041.61700000009,99092.21700000009,949.4
2024-01-22 18:15:00+00:00,100057.11700000007,99087.04200000007,970.0749999999999
2024-01-23 19:55:00+00:00,100056.54200000006,99081.79200000006,974.75
2024-01-25 14:55:00+00:00,100054.61700000004,99080.51700000004,974.0999999999999
2024-01-26 16:40:00+00:00,100048.50100000003,100048.50100000003,0.0
2024-01-29 18:30:00+00:00,100049.77600000004,99093.52600000004,956.25
2024-01-30 20:20:00+00:00,100045.95100000003,100045.95100000003,0.0
2024-02-01 15:20:00+00:00,100043.30100000005,99113.40100000006,929.9
2024-02-02 16:45:00+00:00,100061.15600000006,99131.23100000006,929.9250000000001
2024-02-05 18:30:00+00:00,100057.80600000006,99113.05600000006,944.75
2024-02-06 20:20:00+00:00,100054.05600000008,100054.05600000008,0.0
2024-02-08 15:40:00+00:00,100052.13100000008,100052.13100000008,0.0
2024-02-09 17:30:00+00:00,100055.0310000001,99108.20600000011,946.825
2024-02-12 19:20:00+00:00,100053.33100000008,100053.33100000008,0.0
2024-02-14 14:40:00+00:00,100053.25600000008,99131.90600000008,921.35
2024-02-15 16:20:00+00:00,100044.0560000001,100044.0560000001,0.0
2024-02-16 18:10:00+00:00,100040.70600000008,100040.70600000008,0.0
2024-02-20 20:00:00+00:00,100032.00600000008,99127.23100000009,904.7750000000001
2024-02-22 15:15:00+00:00,100046.6310000001,99132.3810000001,914.25
2024-02-23 17:05:00+00:00,100053.1060000001,100053.1060000001,0.0
2024-02-26 18:45:00+00:00,100051.9060000001,99146.25600000011,905.65
2024-02-27 20:30:00+00:00,100058.33100000008,100058.33100000008,0.0
2024-02-29 15:45:00+00:00,100050.48100000006,100050.48100000006,0.0
2024-03-01 17:35:00+00:00,100047.65600000005,99156.70600000005,890.95
2024-03-04 19:20:00+00:00,100053.10600000004,99181.30600000004,871.8000000000001
2024-03-06 14:40:00+00:00,100052.28100000008,100052.28100000008,0.0
2024-03-07 16:30:00+00:00,100044.83100000011,99198.83100000011,846.0
2024-03-08 18:15:00+00:00,100053.88100000011,100053.88100000011,0.0
2024-03-11 19:05:00+00:00,100048.50600000014,99184.45600000014,864.05
2024-03-13 14:20:00+00:00,100049.40600000012,100049.40600000012,0.0
2024-03-14 16:10:00+00:00,100050.4060000001,100050.4060000001,0.0
2024-03-15 17:55:00+00:00,100039.15100000011,99183.50100000012,855.65
2024-03-18 19:35:00+00:00,100052.66700000012,100052.66700000012,0.0
2024-03-20 14:55:00+00:00,100057.46700000014,99177.79200000013,879.675
2024-03-21 16:45:00+00:00,100058.19200000013,100058.19200000013,0.0
2024-03-22 18:35:00+00:00,100057.66700000015,99193.41700000015,864.25
2024-03-26 13:55:00+00:00,100057.64200000017,100057.64200000017,0.0
2024-03-27 15:45:00+00:00,100063.7170000002,100063.7170000002,0.0
2024-03-28 17:35:00+00:00,100062.79200000018,99207.09200000018,855.6999999999999
2024-04-01 19:25:00+00:00,100063.64200000017,100063.64200000017,0.0
2024-04-03 14:35:00+00:00,100066.54200000019,99215.49200000019,851.0500000000001
2024-04-04 16:25:00+00:00,100067.66700000018,99209.01700000018,858.65
2024-04-05 18:10:00+00:00,100061.81700000016,100061.81700000016,0.0
2024-04-09 13:30:00+00:00,100058.51700000014,100058.51700000014,0.0
2024-04-10 15:20:00+00:00,100050.09200000012,100050.09200000012,0.0
2024-04-11 17:10:00+00:00,100059.7920000001,99203.8420000001,855.95
2024-04-12 19:00:00+00:00,100063.61350000011,99183.71350000011,879.9
2024-04-16 14:20:00+00:00,100041.2680000001,100041.2680000001,0.0
2024-04-17 16:10:00+00:00,100024.61800000009,99179.86800000009,844.75
2024-04-18 18:00:00+00:00,100008.63950000006,100008.63950000006,0.0
2024-04-19 19:45:00+00:00,100005.48450000006,99014.76450000006,990.72
2024-04-23 15:00:00+00:00,100002.34950000004,99003.37950000004,998.97
2024-04-24 16:50:00+00:00,100003.39450000004,100003.39450000004,0.0
2024-04-25 18:40:00+00:00,100000.61950000003,100000.61950000003,0.0
2024-04-29 13:55:00+00:00,100015.11950000003,99139.16950000003,875.95
2024-04-30 15:45:00+00:00,100007.16950000003,100007.16950000003,0.0
2024-05-01 17:35:00+00:00,100006.34450000002,100006.34450000002,0.0
2024-05-02 19:25:00+00:00,100008.24450000003,99142.59450000004,865.65
2024-05-06 13:50:00+00:00,100036.49550000006,100036.49550000006,0.0
2024-05-07 15:35:00+00:00,100050.59650000006,100050.59650000006,0.0
2024-05-08 17:25:00+00:00,100044.29650000008,100044.29650000008,0.0
2024-05-09 19:15:00+00:00,100048.9715000001,100048.9715000001,0.0
2024-05-13 14:30:00+00:00,100064.19650000011,99134.99650000011,929.2
2024-05-14 16:20:00+00:00,100061.1690000001,100061.1690000001,0.0
2024-05-15 18:10:00+00:00,100073.41900000008,99122.26900000009,951.15
2024-05-17 13:25:00+00:00,100067.8690000001,100067.8690000001,0.0
2024-05-20 15:15:00+00:00,100072.6940000001,99115.8440000001,956.85
2024-05-21 16:55:00+00:00,100076.8690000001,100076.8690000001,0.0
2024-05-22 18:45:00+00:00,100076.76900000009,100076.76900000009,0.0
2024-05-24 13:55:00+00:00,100068.2690000001,99124.4690000001,943.8
2024-05-28 15:40:00+00:00,100072.9690000001,100072.9690000001,0.0
2024-05-29 17:30:00+00:00,100079.9690000001,100079.9690000001,0.0
2024-05-30 19:15:00+00:00,100074.04400000008,100074.04400000008,0.0
2024-06-03 14:35:00+00:00,100089.89500000008,100089.89500000008,0.0
2024-06-04 16:25:00+00:00,100087.9950000001,99115.6700000001,972.325
2024-06-05 18:15:00+00:00,100086.34500000013,99105.84500000013,980.5
2024-06-06 19:55:00+00:00,100078.89500000012,100078.89500000012,0.0
2024-06-10 15:15:00+00:00,100082.17000000013,99104.72000000013,977.45
2024-06-11 17:05:00+00:00,100093.95000000014,99272.89000000014,821.06
2024-06-12 18:55:00+00:00,100107.48980000011,99228.32980000011,879.16
2024-06-14 14:15:00+00:00,100098.3698000001,100098.3698000001,0.0
2024-06-17 16:05:00+00:00,100101.8914000001,99236.1114000001,865.78
2024-06-18 17:50:00+00:00,100094.87220000009,100094.87220000009,0.0
2024-06-20 19:40:00+00:00,100074.55220000011,100074.55220000011,0.0
2024-06-24 14:50:00+00:00,100072.9922000001,99230.4922000001,842.5
2024-06-25 16:40:00+00:00,100066.8522000001,99226.9322000001,839.92
2024-06-26 18:30:00+00:00,100071.5522000001,99215.03220000009,856.52
2024-06-28 13:50:00+00:00,100060.05220000011,100060.05220000011,0.0
2024-07-01 15:40:00+00:00,100057.13220000014,99197.17220000013,859.96
2024-07-02 17:25:00+00:00,100076.34340000013,99198.76340000013,877.58
2024-07-05 15:45:00+00:00,100089.76820000012,99188.94820000012,900.82
2024-07-08 17:35:00+00:00,100086.64820000011,99179.70820000011,906.94
2024-07-09 19:25:00+00:00,100082.5282000001,99169.1082000001,913.42
2024-07-11 14:40:00+00:00,100080.0682000001,100080.0682000001,0.0
2024-07-12 16:25:00+00:00,100085.44820000009,100085.44820000009,0.0
2024-07-15 18:15:00+00:00,100075.9038000001,100075.9038000001,0.0
2024-07-17 13:35:00+00:00,100058.55900000011,100058.55900000011,0.0
2024-07-18 15:15:00+00:00,100047.71900000011,100047.71900000011,0.0
2024-07-19 17:00:00+00:00,100040.37900000012,100040.37900000012,0.0
2024-07-22 18:50:00+00:00,100040.69900000014,99139.05900000014,901.64
2024-07-24 14:10:00+00:00,100028.37900000015,100028.37900000015,0.0
2024-07-25 16:00:00+00:00,100030.35900000017,99151.95900000018,878.4
2024-07-26 17:50:00+00:00,100030.27900000018,100030.27900000018,0.0
2024-07-29 19:40:00+00:00,100018.63780000017,99142.23780000018,876.4
2024-07-31 14:55:00+00:00,100032.49380000017,100032.49380000017,0.0
2024-08-01 16:45:00+00:00,100017.53380000018,100017.53380000018,0.0
2024-08-02 18:15:00+00:00,100006.6130000002,100006.6130000002,0.0
2024-08-05 20:00:00+00:00,100001.9330000002,99165.4530000002,836.48
2024-08-07 14:40:00+00:00,100011.5930000002,99160.3130000002,851.28
2024-08-08 16:30:00+00:00,100004.31660000021,99152.8766000002,851.44
2024-08-09 18:20:00+00:00,100006.05660000021,100006.05660000021,0.0
2024-08-13 13:40:00+00:00,100020.91660000022,99139.19660000021,881.72
2024-08-14 15:30:00+00:00,100019.03660000023,99128.31660000022,890.72
2024-08-15 17:15:00+00:00,100028.55660000021,100028.55660000021,0.0
2024-08-16 19:05:00+00:00,100035.47660000021,100035.47660000021,0.0
2024-08-20 14:25:00+00:00,100036.77660000023,99130.01660000024,906.76
2024-08-21 16:15:00+00:00,100028.47660000021,100028.47660000021,0.0
2024-08-22 18:05:00+00:00,100022.3366000002,100022.3366000002,0.0
2024-08-23 19:55:00+00:00,100025.7566000002,99118.5566000002,907.2
2024-08-27 15:15:00+00:00,100033.59660000021,99119.59660000021,914.0
2024-08-28 16:50:00+00:00,100028.2966000002,99118.4966000002,909.8
2024-08-29 18:40:00+00:00,100030.51660000019,100030.51660000019,0.0
2024-09-03 14:00:00+00:00,100024.23660000021,100024.23660000021,0.0
2024-09-04 15:45:00+00:00,100015.03660000021,99138.5166000002,876.52
2024-09-05 17:35:00+00:00,100037.8230000002,99146.6230000002,891.2
2024-09-06 19:25:00+00:00,100037.5630000002,99153.2030000002,884.36
2024-09-10 14:45:00+00:00,100029.28300000018,99153.64300000019,875.64
2024-09-11 16:35:00+00:00,100031.54780000017,99146.46780000017,885.08
2024-09-12 18:25:00+00:00,100032.04780000016,99139.44780000015,892.6
2024-09-16 13:45:00+00:00,100021.84780000015,100021.84780000015,0.0
2024-09-17 15:35:00+00:00,100009.46780000017,100009.46780000017,0.0
2024-09-18 17:20:00+00:00,100023.44980000016,100023.44980000016,0.0
2024-09-19 19:10:00+00:00,100043.11620000016,99126.27620000017,916.84
2024-09-23 14:30:00+00:00,100028.31260000016,100028.31260000016,0.0
2024-09-24 16:20:00+00:00,100025.17260000017,99114.61260000017,910.56
2024-09-25 18:10:00+00:00,100010.43420000015,100010.43420000015,0.0
2024-09-27 13:30:00+00:00,100008.93420000013,99092.73420000014,916.2
2024-09-30 15:20:00+00:00,100003.49420000015,99076.61420000014,926.88
2024-10-01 17:05:00+00:00,99991.61420000016,99991.61420000016,0.0
2024-10-02 18:55:00+00:00,99992.81420000017,99992.81420000017,0.0
2024-10-04 14:15:00+00:00,99997.31420000017,99096.07420000016,901.24
2024-10-07 16:05:00+00:00,99982.65420000016,99982.65420000016,0.0
2024-10-08 17:55:00+00:00,99986.27420000017,99086.31420000017,899.96
2024-10-09 19:45:00+00:00,99996.01420000017,99077.93420000016,918.08
2024-10-11 14:45:00+00:00,99989.29420000018,99989.29420000018,0.0
2024-10-14 16:30:00+00:00,99993.77420000017,99072.49420000018,921.28
2024-10-15 18:20:00+00:00,100009.65820000021,99073.07820000021,936.58
2024-10-17 13:40:00+00:00,99996.33060000023,99996.33060000023,0.0
2024-10-18 15:00:00+00:00,99989.75060000023,99050.37060000023,939.38
2024-10-21 16:40:00+00:00,99989.15060000021,99044.37060000021,944.78
2024-10-22 18:30:00+00:00,99980.93140000022,99039.69140000021,941.24
2024-10-24 13:50:00+00:00,99976.7914000002,99976.7914000002,0.0
2024-10-25 15:40:00+00:00,99980.3514000002,99980.3514000002,0.0
2024-10-28 17:30:00+00:00,99980.6714000002,99042.15140000019,938.52
2024-10-29 19:20:00+00:00,99973.11140000017,99036.45140000017,936.66
2024-10-31 14:40:00+00:00,99965.33140000018,99965.33140000018,0.0
2024-11-01 16:20:00+00:00,99957.2314000002,99067.35140000019,889.88
2024-11-04 19:05:00+00:00,99940.96580000018,99940.96580000018,0.0
2024-11-05 20:55:00+00:00,99933.74580000015,99039.82580000015,893.92
2024-11-07 16:15:00+00:00,99923.12660000018,99019.12660000018,904.0
2024-11-08 18:05:00+00:00,99919.72660000018,99919.72660000018,0.0
2024-11-11 19:55:00+00:00,99921.60660000017,99029.34660000018,892.26
2024-11-13 15:15:00+00:00,99926.72660000017,99926.72660000017,0.0
2024-11-14 17:05:00+00:00,99929.80660000017,99021.88660000017,907.92
2024-11-15 18:55:00+00:00,99922.87500000016,99922.87500000016,0.0
2024-11-18 20:45:00+00:00,99935.88500000017,99935.88500000017,0.0
2024-11-20 16:05:00+00:00,99933.78500000018,99933.78500000018,0.0
2024-11-21 17:55:00+00:00,99939.94500000017,99020.86500000017,919.08
2024-11-22 19:45:00+00:00,99933.08500000017,99933.08500000017,0.0
2024-11-26 15:00:00+00:00,99943.54500000017,99005.90500000017,937.64
2024-11-27 16:50:00+00:00,99937.38500000018,99937.38500000018,0.0
2024-12-02 15:10:00+00:00,99953.44500000018,98994.62500000017,958.82
2024-12-03 17:00:00+00:00,99956.90500000019,98990.94500000018,965.96
2024-12-04 18:50:00+00:00,99962.06500000018,98990.96500000017,971.1
2024-12-05 20:40:00+00:00,99960.46500000019,99960.46500000019,0.0
2024-12-09 16:00:00+00:00,99968.3850000002,98982.1050000002,986.28
2024-12-10 17:50:00+00:00,99966.4450000002,98978.9050000002,987.54
2024-12-11 19:40:00+00:00,99976.9450000002,99976.9450000002,0.0
2024-12-13 15:00:00+00:00,99978.14500000021,99978.14500000021,0.0
2024-12-16 16:50:00+00:00,99990.7850000002,98990.6250000002,1000.16
2024-12-17 18:40:00+00:00,99999.94000000019,99239.14000000019,760.8
2024-12-18 20:30:00+00:00,99990.0550000002,99990.0550000002,0.0
2024-12-20 15:40:00+00:00,99999.56500000019,99000.4450000002,999.12
2024-12-24 16:35:00+00:00,100019.76940000021,100019.76940000021,0.0
2024-12-27 14:55:00+00:00,100014.4444000002,100014.4444000002,0.0
2024-12-30 16:45:00+00:00,100010.3860000002,99253.5760000002,756.8100000000001
2024-12-31 18:35:00+00:00,100008.00100000021,100008.00100000021,0.0
2025-01-02 20:25:00+00:00,99999.6746500002,99026.6746500002,973.0
2025-01-06 15:40:00+00:00,100002.47465000018,99018.05465000018,984.42
2025-01-07 17:30:00+00:00,99983.8654500002,99983.8654500002,0.0
2025-01-08 19:15:00+00:00,99979.82545000018,99010.94545000017,968.88
2025-01-10 20:35:00+00:00,99974.02545000015,99974.02545000015,0.0
2025-01-14 15:50:00+00:00,99983.78545000016,99983.78545000016,0.0
2025-01-15 17:40:00+00:00,99990.48545000015,99040.44545000016,950.04
2025-01-16 19:30:00+00:00,99986.90545000015,99986.90545000015,0.0
2025-01-21 14:50:00+00:00,99973.01105000015,99973.01105000015,0.0
2025-01-22 16:30:00+00:00,99964.57105000016,99074.31105000016,890.26
2025-01-23 18:20:00+00:00,99979.53225000018,99979.53225000018,0.0
2025-01-24 20:05:00+00:00,99978.71225000022,99978.71225000022,0.0
2025-01-28 15:20:00+00:00,100007.71945000022,99058.19945000022,949.52
2025-01-29 17:10:00+00:00,100003.67945000023,100003.67945000023,0.0
2025-01-30 19:00:00+00:00,100007.55945000023,99051.31945000023,956.24
2025-01-31 20:20:00+00:00,99990.86925000024,99990.86925000024,0.0
2025-02-04 15:40:00+00:00,99998.42005000023,99073.10005000023,925.32
2025-02-05 17:30:00+00:00,99995.46285000021,99073.10285000021,922.36
2025-02-06 19:20:00+00:00,99999.44285000018,99067.28285000018,932.16
2025-02-10 14:40:00+00:00,99982.65885000018,99063.45885000018,919.2
2025-02-11 16:25:00+00:00,99999.19565000018,99999.19565000018,0.0
2025-02-12 18:15:00+00:00,100008.23565000018,100008.23565000018,0.0
2025-02-13 19:20:00+00:00,100025.47565000017,99058.91565000017,966.56
2025-02-14 20:40:00+00:00,100023.17565000015,99045.89565000015,977.28
2025-02-19 15:30:00+00:00,100020.67565000015,100020.67565000015,0.0
2025-02-20 17:20:00+00:00,100020.19565000014,99035.43565000014,984.76
2025-02-21 19:05:00+00:00,100021.59565000016,99030.79565000016,990.8
2025-02-24 20:05:00+00:00,100014.32405000016,99021.64405000016,992.68
2025-02-26 14:15:00+00:00,100013.88405000014,100013.88405000014,0.0
2025-02-27 15:40:00+00:00,100003.29585000013,99037.61585000013,965.68
2025-02-28 16:35:00+00:00,100000.31585000013,99050.95585000013,949.36
2025-03-03 17:40:00+00:00,100015.19665000013,99044.35665000013,970.84
2025-03-04 18:05:00+00:00,99994.81665000011,99994.81665000011,0.0
2025-03-05 19:15:00+00:00,100008.89665000011,99065.77665000012,943.12
2025-03-06 20:35:00+00:00,99997.0166500001,99057.97665000011,939.04
2025-03-11 14:05:00+00:00,100005.0766500001,100005.0766500001,0.0
2025-03-12 15:25:00+00:00,100004.0566500001,100004.0566500001,0.0
2025-03-13 17:15:00+00:00,99987.49665000012,99987.49665000012,0.0
2025-03-14 19:05:00+00:00,99981.54025000015,99129.66025000015,851.88
2025-03-18 13:35:00+00:00,99990.78025000016,99133.70025000015,857.08
2025-03-19 15:25:00+00:00,99995.72585000018,99995.72585000018,0.0
2025-03-20 17:00:00+00:00,99995.14585000018,99995.14585000018,0.0
2025-03-21 18:25:00+00:00,99989.01585000019,99989.01585000019,0.0
2025-03-25 13:40:00+00:00,100009.84305000016,99122.92305000016,886.92
2025-03-26 15:25:00+00:00,100012.54305000015,100012.54305000015,0.0
2025-03-27 17:05:00+00:00,100007.36305000015,99114.00305000014,893.36
2025-03-28 18:45:00+00:00,100004.76305000015,100004.76305000015,0.0
2025-03-31 20:00:00+00:00,100013.40305000014,99124.56305000014,888.84
2025-04-02 14:50:00+00:00,100003.44305000016,99106.80305000016,896.64
2025-04-03 16:30:00+00:00,99994.23545000017,99171.95545000017,822.28
2025-04-04 18:05:00+00:00,99946.78655000016,99946.78655000016,0.0
2025-04-07 19:50:00+00:00,99943.35605000018,99039.03105000018,904.325
2025-04-09 14:00:00+00:00,99978.73055000018,99978.73055000018,0.0
2025-04-10 14:35:00+00:00,100014.33305000018,99050.38305000018,963.9499999999999
2025-04-11 16:20:00+00:00,100028.59805000018,100028.59805000018,0.0
2025-04-14 17:55:00+00:00,100012.61905000017,99194.33905000017,818.28
2025-04-15 19:45:00+00:00,100010.5990500002,100010.5990500002,0.0
2025-04-17 14:35:00+00:00,100008.78405000019,99027.73405000019,981.0500000000001
2025-04-21 16:25:00+00:00,100010.68405000019,99054.98405000019,955.6999999999999
2025-04-22 18:15:00+00:00,100025.56455000021,100025.56455000021,0.0
2025-04-24 13:10:00+00:00,100044.07055000022,100044.07055000022,0.0
2025-04-25 14:30:00+00:00,100037.35055000024,99208.09055000024,829.26
2025-04-28 16:20:00+00:00,100030.83055000025,100030.83055000025,0.0
2025-04-29 18:00:00+00:00,100037.59055000023,99190.87055000023,846.72
2025-04-30 19:15:00+00:00,100034.59055000023,100034.59055000023,0.0
2025-05-02 14:15:00+00:00,100015.57655000023,100015.57655000023,0.0
2025-05-05 16:05:00+00:00,99998.73715000022,99001.33715000022,997.4
2025-05-06 17:25:00+00:00,99994.36665000023,99994.36665000023,0.0
2025-05-07 19:15:00+00:00,99975.06665000027,98999.51665000027,975.5500000000001
2025-05-09 14:15:00+00:00,99978.46165000026,98982.98665000025,995.475
2025-05-12 15:55:00+00:00,99967.21565000025,99967.21565000025,0.0
2025-05-13 17:25:00+00:00,99970.53565000024,99123.77565000024,846.76
2025-05-14 19:15:00+00:00,99957.11565000027,99957.11565000027,0.0
2025-05-16 14:30:00+00:00,99953.11565000028,99953.11565000028,0.0
2025-05-19 16:10:00+00:00,99951.57565000028,99951.57565000028,0.0
2025-05-20 18:00:00+00:00,99940.21565000027,99940.21565000027,0.0
2025-05-21 19:50:00+00:00,99928.30725000027,99928.30725000027,0.0
2025-05-23 14:45:00+00:00,99924.8472500003,99924.8472500003,0.0
2025-05-27 16:35:00+00:00,99929.4972500003,98926.47225000031,1003.025
2025-05-28 18:25:00+00:00,99913.00085000033,99913.00085000033,0.0
2025-05-29 19:50:00+00:00,99900.75865000032,98901.38365000032,999.375
2025-06-02 15:10:00+00:00,99911.83265000032,99106.99265000032,804.84
2025-06-03 17:00:00+00:00,99913.57265000032,99101.65265000032,811.92
2025-06-04 18:35:00+00:00,99908.03265000031,99908.03265000031,0.0
2025-06-06 13:55:00+00:00,99900.7726500003,99082.7526500003,818.02
2025-06-09 15:45:00+00:00,99899.01265000028,99899.01265000028,0.0
2025-06-10 17:35:00+00:00,99893.86705000028,99893.86705000028,0.0
2025-06-11 19:25:00+00:00,99891.54705000028,99891.54705000028,0.0
2025-06-13 14:40:00+00:00,99885.77205000029,99885.77205000029,0.0
2025-06-16 16:25:00+00:00,99889.14705000029,99889.14705000029,0.0
2025-06-17 18:10:00+00:00,99882.7970500003,99882.7970500003,0.0
2025-06-20 12:55:00+00:00,99881.32205000031,98894.12205000031,987.2
2025-06-23 15:00:00+00:00,99902.03205000033,99902.03205000033,0.0
2025-06-24 16:50:00+00:00,99904.61205000032,99094.43205000032,810.18
2025-06-25 18:40:00+00:00,99894.19205000032,99089.43205000032,804.76
2025-06-27 13:55:00+00:00,99889.11205000035,99077.83205000035,811.28
2025-06-30 15:45:00+00:00,99882.69205000035,99882.69205000035,0.0
2025-07-01 17:35:00+00:00,99894.93525000034,99894.93525000034,0.0
2025-07-02 19:25:00+00:00,99896.7152500003,99896.7152500003,0.0
2025-07-07 17:30:00+00:00,99897.31525000029,99897.31525000029,0.0
2025-07-08 19:20:00+00:00,99886.7352500003,99886.7352500003,0.0
2025-07-10 14:35:00+00:00,99895.46285000029,99895.46285000029,0.0
2025-07-11 16:25:00+00:00,99893.98285000028,99893.98285000028,0.0
2025-07-14 18:15:00+00:00,99894.28285000028,99057.56285000028,836.72
2025-07-16 13:30:00+00:00,99888.60285000026,99045.28285000025,843.32
2025-07-17 15:20:00+00:00,99884.28285000028,99042.68285000027,841.6
2025-07-18 17:00:00+00:00,99886.40285000028,99041.92285000028,844.48
2025-07-21 18:50:00+00:00,99901.50605000029,99901.50605000029,0.0
2025-07-23 14:10:00+00:00,99891.68605000028,99891.68605000028,0.0
2025-07-24 16:00:00+00:00,99890.46605000028,99890.46605000028,0.0
2025-07-25 17:50:00+00:00,99888.1060500003,99888.1060500003,0.0
2025-07-28 19:40:00+00:00,99889.8660500003,99034.46605000031,855.4
2025-07-30 15:00:00+00:00,99879.32605000031,99879.32605000031,0.0
2025-07-31 16:25:00+00:00,99865.68605000032,99029.88605000032,835.8
2025-08-01 17:25:00+00:00,99855.84605000034,99855.84605000034,0.0
2025-08-04 19:10:00+00:00,99865.72605000035,99865.72605000035,0.0
2025-08-06 14:30:00+00:00,99876.82605000034,99033.06605000034,843.76
2025-08-07 16:20:00+00:00,99889.83085000036,99009.87085000036,879.96
2025-08-08 18:10:00+00:00,99904.08045000037,99904.08045000037,0.0
2025-08-12 13:30:00+00:00,99897.12765000036,98977.52765000035,919.6
2025-08-13 15:20:00+00:00,99906.22725000033,98976.98725000033,929.24
2025-08-14 17:10:00+00:00,99912.34725000036,98981.54725000035,930.8
2025-08-15 19:00:00+00:00,99896.96725000038,98973.72725000037,923.24
2025-08-19 14:20:00+00:00,99898.8472500004,98970.9272500004,927.92
2025-08-20 16:10:00+00:00,99885.8472500004,98977.88725000039,907.96
2025-08-21 17:55:00+00:00,99880.2272500004,99880.2272500004,0.0
2025-08-22 19:45:00+00:00,99891.7072500004,99891.7072500004,0.0
2025-08-26 15:00:00+00:00,99892.7472500004,99892.7472500004,0.0
2025-08-27 16:50:00+00:00,99896.1872500004,98976.80725000039,919.38
2025-08-28 18:30:00+00:00,99902.98725000037,98970.34725000037,932.64
2025-09-02 13:30:00+00:00,99893.7472500004,99893.7472500004,0.0
2025-09-03 14:50:00+00:00,99906.67885000039,99906.67885000039,0.0
2025-09-04 16:40:00+00:00,99908.4188500004,99908.4188500004,0.0
2025-09-05 18:30:00+00:00,99907.91885000042,98949.95885000042,957.96
2025-09-09 13:35:00+00:00,99898.83885000044,99898.83885000044,0.0
2025-09-10 15:10:00+00:00,99893.47885000044,99893.47885000044,0.0
2025-09-11 17:00:00+00:00,99897.51885000043,98981.75885000043,915.76
2025-09-12 18:35:00+00:00,99911.34845000041,98975.58845000042,935.76
2025-09-16 13:45:00+00:00,99930.80845000043,98974.44845000043,956.36
2025-09-17 15:35:00+00:00,99932.48445000041,99932.48445000041,0.0
2025-09-18 17:15:00+00:00,99918.44445000037,98966.56445000037,951.88
2025-09-19 19:00:00+00:00,99933.99565000036,98951.59565000037,982.4
2025-09-23 14:10:00+00:00,99946.07145000037,99177.32145000037,768.75
2025-09-24 15:50:00+00:00,99939.44145000036,99939.44145000036,0.0
2025-09-25 17:30:00+00:00,99940.68645000036,99180.03645000036,760.6500000000001
2025-09-26 19:20:00+00:00,99939.6964500004,99939.6964500004,0.0
2025-09-30 14:40:00+00:00,99943.28145000042,99177.20145000042,766.08
2025-10-01 16:25:00+00:00,99946.3864500004,99177.9364500004,768.4499999999999
2025-10-02 18:00:00+00:00,99944.45145000039,99944.45145000039,0.0
2025-10-03 19:40:00+00:00,99942.68145000038,99168.69645000038,773.985
2023-10-10 14:15:00+00:00,99947.5714500004,99947.5714500004,0.0
2023-10-11 16:05:00+00:00,99938.70645000038,99938.70645000038,0.0
2023-10-12 17:50:00+00:00,99928.53645000036,99928.53645000036,0.0
2023-10-13 19:40:00+00:00,99934.13145000036,99934.13145000036,0.0
2023-10-17 15:00:00+00:00,99927.13145000038,98933.26145000038,993.8700000000001
2023-10-18 16:50:00+00:00,99934.7764500004,99934.7764500004,0.0
2023-10-19 18:40:00+00:00,99926.90145000038,99926.90145000038,0.0
2023-10-23 13:50:00+00:00,99922.1164500004,98941.4464500004,980.67
2023-10-24 15:35:00+00:00,99924.6064500004,99924.6064500004,0.0
2023-10-25 17:20:00+00:00,99913.88685000039,99235.4868500004,678.4
2023-10-26 19:00:00+00:00,99915.28685000038,98921.23685000038,994.0500000000001
2023-10-30 14:10:00+00:00,99948.06745000038,99948.06745000038,0.0
2023-10-31 16:00:00+00:00,99941.12745000036,99941.12745000036,0.0
2023-11-01 17:50:00+00:00,99956.26345000038,99267.98345000038,688.28
2023-11-02 19:35:00+00:00,99956.9234500004,99260.3934500004,696.53
2023-11-06 15:55:00+00:00,99965.10345000039,99251.24345000039,713.86
2023-11-07 17:40:00+00:00,99971.92345000041,99248.3534500004,723.57
2023-11-08 19:30:00+00:00,99962.4034500004,99962.4034500004,0.0
2023-11-10 14:50:00+00:00,99963.7734500004,99236.3834500004,727.39
2023-11-13 16:40:00+00:00,99971.64485000039,99971.64485000039,0.0
2023-11-14 18:20:00+00:00,99966.47485000039,99225.8248500004,740.65
2023-11-15 20:10:00+00:00,99963.8648500004,99223.69485000041,740.17
2023-11-17 15:25:00+00:00,99962.94485000041,99962.94485000041,0.0
2023-11-20 17:05:00+00:00,99964.1048500004,99211.7148500004,752.39
2023-11-21 18:55:00+00:00,99963.5448500004,99963.5448500004,0.0
2023-11-22 20:45:00+00:00,99973.40485000037,99973.40485000037,0.0
2023-11-27 19:05:00+00:00,99977.39485000038,99218.48485000037,758.91
2023-11-28 20:55:00+00:00,99980.54485000037,99215.60485000037,764.94
2023-11-30 16:15:00+00:00,99972.65485000037,99972.65485000037,0.0
2023-12-01 18:05:00+00:00,99972.22485000036,99223.56485000036,748.66
2023-12-04 19:50:00+00:00,99969.96485000035,99969.96485000035,0.0
2023-12-06 15:10:00+00:00,99966.37485000036,99966.37485000036,0.0
2023-12-07 16:55:00+00:00,99960.57485000035,99219.43485000035,741.14
2023-12-08 18:45:00+00:00,99952.17485000039,99206.03485000039,746.14
2023-12-11 20:30:00+00:00,99943.0286500004,99202.7786500004,740.25
2023-12-13 15:50:00+00:00,99950.41865000039,99950.41865000039,0.0
2023-12-14 17:40:00+00:00,99942.70865000041,99207.7486500004,734.96
2023-12-15 19:30:00+00:00,99948.8186500004,99207.5386500004,741.28
2023-12-19 14:45:00+00:00,99945.9586500004,99945.9586500004,0.0
2023-12-20 16:35:00+00:00,99948.27865000039,99948.27865000039,0.0
2023-12-21 18:20:00+00:00,99941.37865000039,99199.5386500004,741.84
2023-12-22 20:10:00+00:00,99948.0686500004,99199.04865000039,749.02
2023-12-27 15:30:00+00:00,99945.17865000038,99945.17865000038,0.0
2023-12-28 17:20:00+00:00,99945.54865000035,99194.78865000035,750.76
2023-12-29 19:20:00+00:00,99948.77865000034,99196.12865000035,752.65
2024-01-03 14:40:00+00:00,99954.34865000033,99209.58865000034,744.76
2024-01-04 16:30:00+00:00,99950.76865000036,99950.76865000036,0.0
2024-01-05 18:20:00+00:00,99951.87865000035,99951.87865000035,0.0
2024-01-08 20:10:00+00:00,99963.28865000035,99214.34865000035,748.94
2024-01-10 15:30:00+00:00,99969.79865000038,99206.45865000038,763.34
2024-01-11 17:20:00+00:00,99962.17645000038,99962.17645000038,0.0
2024-01-12 19:10:00+00:00,99967.2764500004,99190.2664500004,777.01
2024-01-16 20:55:00+00:00,99970.3164500004,99189.77645000041,780.54
2024-01-18 16:15:00+00:00,99970.39645000041,99185.3464500004,785.05
2024-01-19 18:05:00+00:00,99973.62645000042,99181.55645000041,792.07
2024-01-22 19:55:00+00:00,99970.12645000042,99175.30645000041,794.82
2024-01-24 15:15:00+00:00,99984.19805000041,99984.19805000041,0.0
2024-01-25 17:05:00+00:00,99986.56805000042,99986.56805000042,0.0
2024-01-26 19:00:00+00:00,99985.64805000041,99985.64805000041,0.0
2024-01-29 20:50:00+00:00,99994.65805000042,99174.99805000042,819.66
2024-01-31 16:10:00+00:00,99994.1980500004,99994.1980500004,0.0
2024-02-01 18:00:00+00:00,99978.79805000039,99978.79805000039,0.0
2024-02-02 19:50:00+00:00,99982.80805000039,99982.80805000039,0.0
2024-02-06 15:10:00+00:00,99978.26805000039,99978.26805000039,0.0
2024-02-07 17:00:00+00:00,99991.69045000039,99168.23045000038,823.46
2024-02-08 18:50:00+00:00,99993.04045000038,99166.03045000038,827.01
2024-02-09 20:45:00+00:00,100004.96045000038,99164.56045000038,840.4
2024-02-13 16:05:00+00:00,100000.30045000037,100000.30045000037,0.0
2024-02-14 17:55:00+00:00,100000.62045000038,99186.53045000038,814.09
2024-02-15 19:45:00+00:00,99997.8404500004,99185.82045000039,812.02
2024-02-20 15:05:00+00:00,99994.71045000038,99994.71045000038,0.0
2024-02-21 16:55:00+00:00,99988.72045000039,99188.65045000038,800.07
2024-02-22 18:30:00+00:00,100002.61165000037,99181.77165000037,820.84
2024-02-23 20:20:00+00:00,99995.7616500004,99175.02165000039,820.74
2024-02-27 15:40:00+00:00,99987.43165000036,99987.43165000036,0.0
2024-02-28 17:30:00+00:00,99987.11165000037,99987.11165000037,0.0
2024-02-29 19:20:00+00:00,99988.62165000036,99168.60165000036,820.02
2024-03-04 14:40:00+00:00,99989.96165000036,99989.96165000036,0.0
2024-03-05 16:30:00+00:00,99986.55165000036,99986.55165000036,0.0
2024-03-06 18:15:00+00:00,99989.30165000037,99989.30165000037,0.0
2024-03-07 20:05:00+00:00,100000.07165000036,100000.07165000036,0.0
2024-03-11 14:25:00+00:00,99993.56165000035,99993.56165000035,0.0
2024-03-12 16:15:00+00:00,99998.29165000036,99998.29165000036,0.0
2024-03-13 18:05:00+00:00,99999.22165000036,99167.74165000036,831.48
2024-03-14 19:55:00+00:00,100009.86165000033,99158.88165000033,850.98
2024-03-18 15:10:00+00:00,100010.13285000033,100010.13285000033,0.0
2024-03-19 17:00:00+00:00,100009.20285000032,99167.26285000032,841.94
2024-03-20 18:55:00+00:00,100013.05285000033,99163.97285000033,849.08
2024-03-22 14:15:00+00:00,100016.83285000033,100016.83285000033,0.0
2024-03-25 16:10:00+00:00,100018.93285000033,99168.95285000034,849.98
2024-03-26 18:05:00+00:00,100012.87285000035,100012.87285000035,0.0
2024-03-27 19:55:00+00:00,100011.54285000033,99168.60285000033,842.94
2024-04-01 15:15:00+00:00,100000.72285000033,100000.72285000033,0.0
2024-04-02 17:05:00+00:00,99993.8228500003,99150.4828500003,843.34
2024-04-03 18:55:00+00:00,99990.80285000031,99990.80285000031,0.0
2024-04-05 14:15:00+00:00,99995.1128500003,99151.2128500003,843.9
2024-04-08 16:10:00+00:00,100001.65285000032,100001.65285000032,0.0
2024-04-09 18:00:00+00:00,99997.2728500003,99997.2728500003,0.0
2024-04-10 19:45:00+00:00,99987.90285000028,99141.72285000028,846.18
2024-04-12 15:05:00+00:00,99994.2228500003,99994.2228500003,0.0
2024-04-15 16:55:00+00:00,99994.37285000028,99994.37285000028,0.0
2024-04-16 18:40:00+00:00,99986.62285000026,99986.62285000026,0.0
2024-04-18 14:00:00+00:00,99979.86285000024,99979.86285000024,0.0
2024-04-19 15:45:00+00:00,99980.28285000025,99177.00285000025,803.28
2024-04-22 17:35:00+00:00,99975.12285000025,99975.12285000025,0.0
2024-04-23 19:25:00+00:00,99975.13285000024,99975.13285000024,0.0
2024-04-25 14:35:00+00:00,99968.17285000024,99968.17285000024,0.0
2024-04-26 16:00:00+00:00,99978.37605000024,99158.35605000023,820.02
2024-04-29 17:50:00+00:00,99972.46605000025,99168.81605000026,803.65
2024-04-30 19:40:00+00:00,99971.21605000025,99971.21605000025,0.0
2024-05-02 15:00:00+00:00,99976.60605000023,99183.32605000024,793.28
2024-05-03 16:50:00+00:00,99979.09605000023,99979.09605000023,0.0
2024-05-06 18:45:00+00:00,99984.76605000021,99159.90605000021,824.86
2024-05-08 14:05:00+00:00,99974.84605000021,99974.84605000021,0.0
2024-05-09 16:05:00+00:00,99976.3260500002,99976.3260500002,0.0
2024-05-10 18:10:00+00:00,99974.83605000023,99145.32605000024,829.51
2024-05-14 13:40:00+00:00,99973.34605000021,99973.34605000021,0.0
2024-05-15 15:40:00+00:00,99977.1960500002,99134.51605000021,842.68
2024-05-16 17:30:00+00:00,99976.07605000022,99976.07605000022,0.0
2024-05-17 19:20:00+00:00,99974.18605000024,99134.02605000023,840.16
2024-05-21 14:40:00+00:00,99991.48605000021,99132.36605000022,859.12
2024-05-22 16:30:00+00:00,99987.8260500002,99987.8260500002,0.0
2024-05-23 18:30:00+00:00,99986.97605000019,99986.97605000019,0.0
2024-05-28 13:55:00+00:00,99987.9860500002,99987.9860500002,0.0
2024-05-29 15:45:00+00:00,99981.47605000019,99981.47605000019,0.0
2024-05-30 17:35:00+00:00,99979.70605000018,99979.70605000018,0.0
2024-05-31 19:25:00+00:00,99979.22605000016,99164.63605000016,814.59
2024-06-04 14:55:00+00:00,99986.48085000017,99162.06085000017,824.42
2024-06-05 16:45:00+00:00,100002.57085000018,99157.67085000018,844.9
2024-06-06 18:35:00+00:00,100001.49685000017,100001.49685000017,0.0
2024-06-10 13:55:00+00:00,100006.66685000018,99152.76685000019,853.9
2024-06-11 15:45:00+00:00,100007.82685000017,99151.52685000017,856.3
2024-06-12 17:35:00+00:00,100024.37685000016,99145.53685000016,878.84
2024-06-13 19:25:00+00:00,100018.18685000016,100018.18685000016,0.0
2024-06-17 14:45:00+00:00,100007.65685000014,100007.65685000014,0.0
2024-06-18 16:35:00+00:00,100018.56685000013,100018.56685000013,0.0
2024-06-20 18:25:00+00:00,100010.36685000014,99120.31685000013,890.05
2024-06-24 13:40:00+00:00,100000.31685000013,100000.31685000013,0.0
2024-06-25 15:30:00+00:00,99998.46685000013,99099.80685000012,898.66
2024-06-26 17:25:00+00:00,100001.69685000014,100001.69685000014,0.0
2024-06-27 19:15:00+00:00,100004.07685000014,100004.07685000014,0.0
2024-07-01 14:35:00+00:00,100005.95685000013,99102.75685000014,903.2
2024-07-02 16:25:00+00:00,100009.15685000014,100009.15685000014,0.0
2024-07-05 14:45:00+00:00,100025.58685000015,99094.00685000015,931.58
2024-07-08 16:35:00+00:00,100017.72685000015,100017.72685000015,0.0
2024-07-09 18:25:00+00:00,100015.45685000015,100015.45685000015,0.0
2024-07-11 13:45:00+00:00,100017.23685000013,100017.23685000013,0.0
2024-07-12 15:35:00+00:00,100013.89685000015,99104.23685000015,909.66
2024-07-15 17:25:00+00:00,100011.87685000015,100011.87685000015,0.0
2024-07-16 19:15:00+00:00,100011.76685000015,99112.62685000015,899.14
2024-07-18 14:35:00+00:00,100001.72725000016,100001.72725000016,0.0
2024-07-19 16:30:00+00:00,99985.41105000018,99985.41105000018,0.0
2024-07-22 18:20:00+00:00,100002.99105000017,99113.95105000018,889.04
2024-07-24 13:45:00+00:00,99993.13505000016,99993.13505000016,0.0
2024-07-25 15:35:00+00:00,99980.69505000017,99980.69505000017,0.0
2024-07-26 17:25:00+00:00,99982.65315000016,99125.39315000016,857.26
2024-07-29 19:15:00+00:00,99981.59315000018,99126.85315000017,854.74
2024-07-31 14:10:00+00:00,99957.68705000017,99124.14705000017,833.54
2024-08-01 16:00:00+00:00,99960.52705000016,99960.52705000016,0.0
2024-08-02 17:45:00+00:00,99943.96705000018,99943.96705000018,0.0
2024-08-05 19:00:00+00:00,99932.51705000018,99141.62705000018,790.89
2024-08-07 14:15:00+00:00,99941.62225000017,99125.80225000017,815.82
2024-08-08 16:10:00+00:00,99932.17005000016,99124.27005000017,807.9
2024-08-09 18:05:00+00:00,99933.80005000018,99119.78005000018,814.02
2024-08-13 13:35:00+00:00,99928.00005000016,99104.44005000016,823.56
2024-08-14 15:25:00+00:00,99931.60005000018,99099.13005000018,832.47
2024-08-15 17:20:00+00:00,99929.08005000018,99929.08005000018,0.0
2024-08-16 19:10:00+00:00,99925.98005000019,99088.26005000019,837.72
2024-08-20 14:30:00+00:00,99930.21005000017,99084.98005000017,845.23
2024-08-21 16:20:00+00:00,99929.56005000019,99929.56005000019,0.0
2024-08-22 18:10:00+00:00,99918.02785000019,99918.02785000019,0.0
2024-08-26 13:30:00+00:00,99922.78785000018,99088.78785000018,834.0
2024-08-27 15:20:00+00:00,99902.80785000016,99902.80785000016,0.0
2024-08-28 17:10:00+00:00,99903.92785000014,99084.60785000013,819.32
2024-08-29 19:00:00+00:00,99916.61305000013,99916.61305000013,0.0
2024-09-03 14:20:00+00:00,99919.76305000013,99086.37305000013,833.39
2024-09-04 16:10:00+00:00,99915.16305000016,99915.16305000016,0.0
2024-09-05 18:00:00+00:00,99914.32305000015,99096.38305000015,817.94
2024-09-06 19:50:00+00:00,99899.66305000019,99899.66305000019,0.0
2024-09-10 15:10:00+00:00,99920.5034500002,99920.5034500002,0.0
2024-09-11 17:00:00+00:00,99927.22345000018,99094.60345000018,832.62
2024-09-12 18:50:00+00:00,99940.31125000017,99940.31125000017,0.0
2024-09-16 14:10:00+00:00,99941.60125000018,99077.26125000019,864.34
2024-09-17 16:00:00+00:00,99954.87125000017,99954.87125000017,0.0
2024-09-18 17:50:00+00:00,99951.82125000017,99086.68125000017,865.14
2024-09-19 19:40:00+00:00,99939.22125000016,99939.22125000016,0.0
2024-09-23 15:00:00+00:00,99938.93125000015,99069.05125000015,869.88
2024-09-24 16:50:00+00:00,99939.25125000013,99939.25125000013,0.0
2024-09-25 18:40:00+00:00,99940.55125000014,99940.55125000014,0.0
2024-09-27 14:05:00+00:00,99938.61125000013,99076.15125000013,862.46
2024-09-30 15:55:00+00:00,99936.69125000013,99080.59125000013,856.1
2024-10-01 17:45:00+00:00,99928.83125000013,99085.61125000013,843.22
2024-10-02 19:35:00+00:00,99929.98125000011,99093.05125000012,836.93
2024-10-04 15:00:00+00:00,99924.66125000015,99089.09125000014,835.57
2024-10-07 16:50:00+00:00,99917.12125000016,99917.12125000016,0.0
2024-10-08 18:40:00+00:00,99922.43125000017,99095.61125000016,826.82
2024-10-10 14:00:00+00:00,99931.07125000015,99931.07125000015,0.0
2024-10-11 15:50:00+00:00,99927.96125000014,99927.96125000014,0.0
2024-10-14 17:40:00+00:00,99941.96085000013,99101.25085000013,840.71
2024-10-15 19:30:00+00:00,99934.63085000012,99934.63085000012,0.0
2024-10-17 14:45:00+00:00,99933.18085000012,99933.18085000012,0.0
2024-10-18 16:35:00+00:00,99927.62085000012,99927.62085000012,0.0
2024-10-21 18:30:00+00:00,99923.77085000009,99089.57085000009,834.2
2024-10-23 13:50:00+00:00,99938.03565000009,99080.31565000009,857.72
2024-10-24 15:40:00+00:00,99927.69565000008,99927.69565000008,0.0
2024-10-25 17:30:00+00:00,99936.91565000008,99936.91565000008,0.0
2024-10-28 19:20:00+00:00,99930.46565000009,99930.46565000009,0.0
2024-10-30 14:35:00+00:00,99941.36565000008,99065.88565000008,875.48
2024-10-31 16:25:00+00:00,99930.48565000006,99930.48565000006,0.0
2024-11-01 18:15:00+00:00,99930.88565000007,99930.88565000007,0.0
2024-11-05 14:35:00+00:00,99932.57565000007,99109.21565000007,823.36
2024-11-06 16:25:00+00:00,99937.63565000005,99937.63565000005,0.0
2024-11-07 18:15:00+00:00,99952.33565000007,99952.33565000007,0.0
2024-11-08 20:05:00+00:00,99949.98565000006,99949.98565000006,0.0
2024-11-12 15:25:00+00:00,99940.14565000005,99102.06565000005,838.08
2024-11-13 17:15:00+00:00,99945.23565000005,99945.23565000005,0.0
2024-11-14 19:05:00+00:00,99930.40485000005,99076.30485000004,854.1
2024-11-15 20:55:00+00:00,99927.41485000003,99097.47485000003,829.94
2024-11-19 16:15:00+00:00,99929.43485,99102.43485,827.0
2024-11-20 18:05:00+00:00,99933.73485,99933.73485,0.0
2024-11-21 19:55:00+00:00,99931.50484999998,99931.50484999998,0.0
2024-11-25 15:15:00+00:00,99930.09484999996,99930.09484999996,0.0
2024-11-26 17:05:00+00:00,99943.67964999998,99092.21964999997,851.46
2024-11-27 18:55:00+00:00,99944.20964999999,99095.46964999998,848.74
2024-12-02 17:15:00+00:00,99953.37965,99953.37965,0.0
2024-12-03 19:05:00+00:00,99947.29965,99086.71965,860.58
2024-12-04 20:55:00+00:00,99960.54965,99960.54965,0.0
2024-12-06 16:15:00+00:00,99966.06965000002,99079.06965000002,887.0
2024-12-09 18:05:00+00:00,99970.50965000004,99970.50965000004,0.0
2024-12-10 19:55:00+00:00,99970.00965000005,99970.00965000005,0.0
2024-12-12 15:15:00+00:00,99985.23965000006,99081.09965000006,904.14
2024-12-13 17:05:00+00:00,99987.31965000005,99987.31965000005,0.0
2024-12-16 18:50:00+00:00,99988.52965000003,99090.45965000002,898.07
2024-12-17 20:40:00+00:00,99987.41965000005,99078.56965000005,908.85
2024-12-19 16:00:00+00:00,99973.23585000004,99973.23585000004,0.0
2024-12-20 17:50:00+00:00,99987.27025000003,99987.27025000003,0.0
2024-12-26 15:20:00+00:00,99988.46025000002,99988.46025000002,0.0
2024-12-27 17:10:00+00:00,99985.24025,99985.24025,0.0
2024-12-30 19:00:00+00:00,99982.95595,99128.81595,854.14
2024-12-31 20:50:00+00:00,99973.12595000002,99973.12595000002,0.0
2025-01-03 16:10:00+00:00,99976.73594999999,99976.73594999999,0.0
2025-01-06 18:00:00+00:00,99994.37794999997,99994.37794999997,0.0
2025-01-07 19:50:00+00:00,99994.18794999998,99994.18794999998,0.0
2025-01-10 15:00:00+00:00,99987.16794999997,99987.16794999997,0.0
2025-01-13 16:50:00+00:00,99990.38794999997,99990.38794999997,0.0
2025-01-14 18:40:00+00:00,99991.66794999997,99157.86794999997,833.8
2025-01-15 20:30:00+00:00,100009.23154999998,99154.53154999999,854.7
2025-01-17 15:50:00+00:00,99989.44155000003,99131.18155000004,858.26
2025-01-21 17:40:00+00:00,99990.51155000002,99131.39155000003,859.12
2025-01-22 19:30:00+00:00,100015.33595000002,99125.33595000002,890.0
2025-01-24 14:50:00+00:00,100004.36595000004,99113.85595000004,890.51
2025-01-27 16:40:00+00:00,99995.44445000005,99995.44445000005,0.0
2025-01-28 18:30:00+00:00,100022.22085000007,100022.22085000007,0.0
2025-01-29 20:20:00+00:00,100024.18085000008,99134.88085000007,889.3
2025-01-31 14:50:00+00:00,100022.67085000008,99183.65085000008,839.02
2025-02-03 16:40:00+00:00,100012.0008500001,100012.0008500001,0.0
2025-02-04 18:30:00+00:00,100015.29085000008,99191.89085000008,823.4
2025-02-05 20:20:00+00:00,100013.57085000008,99187.41085000007,826.16
2025-02-07 15:40:00+00:00,100015.82085000008,100015.82085000008,0.0
2025-02-10 17:30:00+00:00,100017.4408500001,99193.2808500001,824.16
2025-02-11 19:20:00+00:00,100013.71085000009,99192.60085000009,821.11
2025-02-13 14:40:00+00:00,100006.3263500001,100006.3263500001,0.0
2025-02-14 16:30:00+00:00,100000.4357500001,99184.67575000011,815.76
2025-02-18 18:20:00+00:00,99995.4757500001,99995.4757500001,0.0
2025-02-19 20:10:00+00:00,100006.28575000011,99176.64575000011,829.64
2025-02-21 15:30:00+00:00,100000.0857500001,100000.0857500001,0.0
2025-02-24 17:20:00+00:00,99999.6857500001,99191.70575000011,807.98
2025-02-25 19:05:00+00:00,99994.48575000011,99994.48575000011,0.0
2025-02-26 20:50:00+00:00,99998.31575000011,99198.84575000011,799.47
2025-02-28 15:45:00+00:00,99987.49435000011,99204.0343500001,783.46
2025-03-03 17:20:00+00:00,99983.68435000007,99193.65435000007,790.03
2025-03-04 18:50:00+00:00,99977.54435000007,99203.48435000007,774.06
2025-03-05 20:40:00+00:00,99992.43435000007,99191.19435000006,801.24
2025-03-07 15:55:00+00:00,99963.37075000009,99963.37075000009,0.0
2025-03-11 16:45:00+00:00,99957.71725000007,99957.71725000007,0.0
2025-03-12 18:35:00+00:00,99958.22725000007,99192.18725000008,766.04
2025-03-14 13:55:00+00:00,99952.98725000006,99186.77725000006,766.21
2025-03-17 15:45:00+00:00,99958.05725000004,99958.05725000004,0.0
2025-03-18 17:35:00+00:00,99947.23135000005,99947.23135000005,0.0
2025-03-19 19:25:00+00:00,99950.51135000003,99175.81135000003,774.7
2025-03-21 14:40:00+00:00,99939.39135000003,99939.39135000003,0.0
2025-03-24 16:20:00+00:00,99947.41135000002,99161.77135000002,785.64
2025-03-25 18:10:00+00:00,99951.22135000002,99160.54135000003,790.68
2025-03-27 13:30:00+00:00,99944.78135000002,99944.78135000002,0.0
2025-03-28 15:20:00+00:00,99945.37135000002,99945.37135000002,0.0
2025-03-31 17:10:00+00:00,99941.79275000002,99197.24275000002,744.55
2025-04-01 19:00:00+00:00,99952.27155000002,99191.46155000002,760.81
2025-04-03 14:15:00+00:00,99938.31075000003,99938.31075000003,0.0
2025-04-04 16:05:00+00:00,99923.00075000004,99923.00075000004,0.0
2025-04-07 17:45:00+00:00,99912.39875000007,99193.71875000007,718.68
2025-04-08 19:35:00+00:00,99920.03075000008,99920.03075000008,0.0
2025-04-10 14:30:00+00:00,99952.70655000005,99952.70655000005,0.0
2025-04-11 16:20:00+00:00,99966.89855000004,99193.99855000005,772.9
2025-04-14 18:10:00+00:00,99967.71855000003,99190.78855000004,776.93
2025-04-16 13:30:00+00:00,99954.43015000006,99954.43015000006,0.0
2025-04-17 15:20:00+00:00,99951.72015000007,99208.84015000006,742.88
2025-04-21 17:10:00+00:00,99942.79015000007,99942.79015000007,0.0
2025-04-22 19:00:00+00:00,99959.21515000006,99226.56515000007,732.65
2025-04-24 14:20:00+00:00,99979.33155000006,99214.99155000006,764.34
2025-04-25 16:10:00+00:00,99983.75395000007,99207.99395000008,775.76
2025-04-28 18:05:00+00:00,99978.44395000009,99198.92395000008,779.52
2025-04-29 19:55:00+00:00,99979.41395000012,99191.33395000012,788.08
2025-05-01 15:00:00+00:00,99984.16535000013,99984.16535000013,0.0
2025-05-02 16:45:00+00:00,99994.63195000013,99119.17195000012,875.46
2025-05-05 18:35:00+00:00,99994.64195000012,99994.64195000012,0.0
2025-05-07 13:55:00+00:00,99984.87195000013,99984.87195000013,0.0
2025-05-08 15:45:00+00:00,99976.2519500001,99090.96195000011,885.29
2025-05-09 17:35:00+00:00,99973.71195000011,99100.01195000012,873.7
2025-05-12 19:25:00+00:00,99984.69195000012,99984.69195000012,0.0
2025-05-14 14:45:00+00:00,99982.30195000012,99982.30195000012,0.0
2025-05-15 16:35:00+00:00,99984.38195000013,99073.78195000012,910.6
2025-05-16 18:25:00+00:00,99978.81195000013,99073.00195000014,905.81
2025-05-20 13:45:00+00:00,99984.52195000014,99984.52195000014,0.0
2025-05-21 15:40:00+00:00,99982.64195000016,99068.20195000016,914.44
2025-05-22 17:30:00+00:00,99979.59195000015,99979.59195000015,0.0
2025-05-23 19:20:00+00:00,99978.07195000014,99978.07195000014,0.0
2025-05-28 14:40:00+00:00,99976.89195000014,99976.89195000014,0.0
2025-05-29 16:30:00+00:00,99971.90195000015,99971.90195000015,0.0
2025-05-30 18:20:00+00:00,99969.69195000014,99051.98195000013,917.71
2025-06-03 13:40:00+00:00,99967.1319500001,99043.7719500001,923.36
2025-06-04 15:30:00+00:00,99967.3819500001,99967.3819500001,0.0
2025-06-05 17:25:00+00:00,99970.8419500001,99970.8419500001,0.0
2025-06-06 19:20:00+00:00,99971.74195000011,99971.74195000011,0.0
2025-06-10 14:40:00+00:00,99971.56195000013,99971.56195000013,0.0
2025-06-11 16:30:00+00:00,99981.42195000015,99981.42195000015,0.0
2025-06-12 18:20:00+00:00,99994.90195000015,99035.81195000015,959.09
2025-06-16 13:40:00+00:00,99997.86195000015,99042.00195000015,955.86
2025-06-17 15:30:00+00:00,99992.86195000015,99992.86195000015,0.0
2025-06-18 17:25:00+00:00,99989.57195000014,99989.57195000014,0.0
2025-06-20 19:10:00+00:00,99982.72195000015,99982.72195000015,0.0
2025-06-24 14:30:00+00:00,99998.44875000016,99022.98875000015,975.46
2025-06-25 16:20:00+00:00,100002.05875000013,100002.05875000013,0.0
2025-06-26 18:10:00+00:00,100007.46875000013,100007.46875000013,0.0
2025-06-30 13:30:00+00:00,100005.98875000012,99013.34875000012,992.64
2025-07-01 15:15:00+00:00,100004.57875000013,100004.57875000013,0.0
2025-07-02 17:05:00+00:00,99997.39875000012,99997.39875000012,0.0
2025-07-07 15:15:00+00:00,100010.30875000013,99014.92875000012,995.38
2025-07-08 17:05:00+00:00,100008.14875000014,99016.79875000013,991.35
2025-07-09 19:00:00+00:00,100028.33475000013,99525.63475000013,502.7
2025-07-11 14:15:00+00:00,100027.12975000012,99524.90975000012,502.22
2025-07-14 16:10:00+00:00,100028.86475000011,99525.7497500001,503.115
2025-07-15 18:00:00+00:00,100031.36475000012,99523.52475000013,507.84
2025-07-16 19:50:00+00:00,100028.7447500001,99522.4347500001,506.31
2025-07-18 15:05:00+00:00,100028.2234500001,100028.2234500001,0.0
2025-07-21 16:55:00+00:00,100027.20845000011,99516.2384500001,510.97
2025-07-22 18:45:00+00:00,100025.3234500001,100025.3234500001,0.0
2025-07-24 14:05:00+00:00,100030.3134500001,99521.9234500001,508.39
2025-07-25 15:55:00+00:00,100035.6334500001,99521.92345000009,513.71
2025-07-28 17:45:00+00:00,100033.71845000009,100033.71845000009,0.0
2025-07-29 19:35:00+00:00,100032.87845000009,100032.87845000009,0.0
2025-07-31 14:55:00+00:00,100035.44835000012,100035.44835000012,0.0
2025-08-01 16:45:00+00:00,100029.10335000012,100029.10335000012,0.0
2025-08-04 18:35:00+00:00,100035.98335000011,100035.98335000011,0.0
2025-08-06 13:55:00+00:00,100031.87335000011,100031.87335000011,0.0
2025-08-07 15:45:00+00:00,100030.00835000012,100030.00835000012,0.0
2025-08-08 17:35:00+00:00,100032.15835000011,99509.76835000011,522.39
2025-08-11 19:25:00+00:00,100034.52835000012,100034.52835000012,0.0
2025-08-13 14:45:00+00:00,100036.21335000015,99505.83335000015,530.38
2025-08-14 16:35:00+00:00,100036.60835000016,99512.32835000016,524.28
2025-08-15 18:25:00+00:00,100036.91835000014,100036.91835000014,0.0
2025-08-19 13:45:00+00:00,100031.53835000013,100031.53835000013,0.0
2025-08-20 15:35:00+00:00,100027.69835000014,100027.69835000014,0.0
2025-08-21 17:25:00+00:00,100024.84335000013,100024.84335000013,0.0
2025-08-22 19:15:00+00:00,100024.92335000016,100024.92335000016,0.0
2025-08-26 14:35:00+00:00,100024.25835000015,100024.25835000015,0.0
2025-08-27 16:25:00+00:00,100026.64335000014,100026.64335000014,0.0
2025-08-28 18:15:00+00:00,100027.79835000016,99519.11835000016,508.68
2025-09-02 13:35:00+00:00,100028.18335000014,100028.18335000014,0.0
2025-09-03 15:20:00+00:00,100029.14835000013,100029.14835000013,0.0
2025-09-04 17:10:00+00:00,100031.55335000013,100031.55335000013,0.0
2025-09-05 19:00:00+00:00,100027.31335000014,100027.31335000014,0.0
2025-09-09 14:20:00+00:00,100040.40335000015,99038.12335000015,1002.28
2025-09-10 16:05:00+00:00,100030.58595000015,100030.58595000015,0.0
2025-09-11 17:55:00+00:00,100025.71595000017,100025.71595000017,0.0
2025-09-12 19:45:00+00:00,100033.61105000017,100033.61105000017,0.0
2025-09-16 15:05:00+00:00,100033.17605000018,100033.17605000018,0.0
2025-09-17 16:55:00+00:00,100032.15105000019,99524.05105000018,508.1
2025-09-18 18:45:00+00:00,100031.15605000017,99522.39605000017,508.76
2025-09-22 14:00:00+00:00,100030.6460500002,99516.8660500002,513.78
2025-09-23 15:45:00+00:00,100029.18605000022,100029.18605000022,0.0
2025-09-24 17:35:00+00:00,100024.9760500002,100024.9760500002,0.0
2025-09-25 19:20:00+00:00,100022.78605000018,100022.78605000018,0.0
2025-09-29 14:40:00+00:00,100030.80605000019,99515.80605000019,515.0
2025-09-30 16:30:00+00:00,100027.37605000021,100027.37605000021,0.0
2025-10-01 18:20:00+00:00,100025.86105000023,100025.86105000023,0.0
2025-10-03 13:40:00+00:00,100022.96605000024,100022.96605000024,0.0
2023-10-09 15:05:00+00:00,99752.73605000024,99500.36605000024,252.37
2023-10-10 16:55:00+00:00,99780.42425000023,99515.09425000023,265.33
2023-10-11 18:45:00+00:00,99762.34835000025,98708.34835000025,1054.0
2023-10-13 14:05:00+00:00,99732.94845000024,99475.19845000024,257.75
2023-10-16 15:55:00+00:00,99707.01275000023,99454.97275000023,252.04
2023-10-17 17:40:00+00:00,99724.30935000024,99469.61935000024,254.69
2023-10-18 19:25:00+00:00,99700.16935000023,99457.35935000023,242.81
2023-10-20 13:50:00+00:00,99642.32015000023,99425.93015000023,216.39
2023-10-23 15:40:00+00:00,99632.96015000025,99418.07015000025,214.89
2023-10-24 17:25:00+00:00,99647.93255000026,98559.63255000026,1088.3
2023-10-25 19:10:00+00:00,99624.44955000025,99411.23455000026,213.215
2023-10-27 14:25:00+00:00,99597.41495000027,99388.89495000026,208.52
2023-10-30 16:15:00+00:00,99585.73495000026,99387.19495000027,198.54
2023-10-31 18:05:00+00:00,99573.54620000023,99371.53120000023,202.015
2023-11-01 19:55:00+00:00,99579.16120000022,98551.01120000023,1028.15
2023-11-03 14:00:00+00:00,99609.30600000022,99384.93600000022,224.37
2023-11-06 16:45:00+00:00,99573.97480000023,99355.09480000022,218.88
2023-11-07 18:35:00+00:00,99598.56680000022,98495.46680000021,1103.1
2023-11-08 20:20:00+00:00,99607.1368000002,98497.78680000019,1109.35
2023-11-10 15:30:00+00:00,99590.6162000002,99383.63120000019,206.985
2023-11-13 17:20:00+00:00,99634.8812000002,99410.3912000002,224.49
2023-11-14 18:15:00+00:00,99642.10120000021,98465.35120000021,1176.75
2023-11-15 18:45:00+00:00,99677.7166000002,98462.3916000002,1215.325
2023-11-16 20:35:00+00:00,99655.48160000017,98489.03160000018,1166.45
2023-11-20 15:50:00+00:00,99648.56660000018,99415.67160000018,232.895
2023-11-21 17:40:00+00:00,99669.10000000015,99427.85000000015,241.25
2023-11-22 19:25:00+00:00,99643.10600000016,99409.89600000015,233.21
2023-11-27 17:30:00+00:00,99649.98600000015,98465.43600000015,1184.55
2023-11-28 19:15:00+00:00,99667.01000000015,98441.86000000016,1225.15
2023-11-30 14:35:00+00:00,99678.39300000017,99437.55800000016,240.835
2023-12-01 16:25:00+00:00,99677.28800000016,98492.23800000016,1185.05
2023-12-04 18:15:00+00:00,99675.39640000013,98487.94640000013,1187.45
2023-12-05 20:05:00+00:00,99682.94080000011,98483.44080000011,1199.5
2023-12-07 15:20:00+00:00,99667.72280000012,98466.57280000013,1201.1499999999999
2023-12-08 17:05:00+00:00,99671.15280000011,99429.5528000001,241.6
2023-12-11 18:50:00+00:00,99660.28280000009,99421.53280000009,238.75
2023-12-12 20:40:00+00:00,99658.60280000008,98474.45280000009,1184.15
2023-12-14 15:55:00+00:00,99674.48580000008,99427.86080000008,246.625
2023-12-15 17:45:00+00:00,99686.0416500001,98676.4816500001,1009.56
2023-12-18 19:35:00+00:00,99688.0363500001,99434.71635000009,253.32
2023-12-20 14:55:00+00:00,99696.0963500001,98660.29635000009,1035.8
2023-12-21 16:45:00+00:00,99680.23135000013,98666.43135000013,1013.8
2023-12-22 18:20:00+00:00,99688.57495000014,98665.11495000013,1023.46
2023-12-26 19:55:00+00:00,99689.24495000015,99432.57495000015,256.67
2023-12-28 15:15:00+00:00,99691.48495000011,99430.80495000012,260.68
2023-12-29 17:05:00+00:00,99667.84995000012,99418.90995000012,248.94
2024-01-02 18:55:00+00:00,99657.0699500001,99409.0699500001,248.0
2024-01-03 20:45:00+00:00,99630.92155000012,99392.35155000011,238.57
2024-01-05 16:05:00+00:00,99621.23155000013,98425.83155000013,1195.4
2024-01-08 17:50:00+00:00,99605.50155000015,98408.25155000015,1197.25
2024-01-09 19:40:00+00:00,99596.73155000014,99362.69155000015,234.04
2024-01-10 20:50:00+00:00,99586.80155000013,99353.15155000014,233.65
2024-01-12 16:00:00+00:00,99566.22155000013,99345.53155000013,220.69
2024-01-16 17:35:00+00:00,99573.43835000014,99353.46835000014,219.97
2024-01-17 19:25:00+00:00,99549.09815000012,98479.94815000013,1069.15
2024-01-19 14:40:00+00:00,99540.72635000016,99327.83635000016,212.89
2024-01-22 16:20:00+00:00,99563.15435000016,99353.18435000016,209.97
2024-01-23 18:10:00+00:00,99560.73415000015,99351.70915000016,209.025
2024-01-24 20:00:00+00:00,99559.94415000016,99350.98915000015,208.955
2024-01-25 20:50:00+00:00,99525.40415000015,98428.36415000015,1097.04
2024-01-29 15:55:00+00:00,99568.16515000015,98444.54515000015,1123.6200000000001
2024-01-30 17:40:00+00:00,99600.78715000015,99409.73715000015,191.05
2024-01-31 19:05:00+00:00,99593.20715000013,99402.58715000014,190.62
2024-02-01 20:50:00+00:00,99578.71815000016,98448.88815000016,1129.8300000000002
2024-02-05 16:00:00+00:00,99567.77115000016,99391.43115000016,176.34
2024-02-06 17:50:00+00:00,99573.84865000017,99391.30865000018,182.54
2024-02-07 19:35:00+00:00,99599.43165000017,99410.67165000018,188.76
2024-02-09 14:55:00+00:00,99617.06065000019,99423.5056500002,193.555
2024-02-12 16:45:00+00:00,99609.86565000021,99418.75565000021,191.11
2024-02-13 18:30:00+00:00,99594.4556500002,98488.6556500002,1105.8
2024-02-14 20:20:00+00:00,99615.41465000021,98488.6146500002,1126.8
2024-02-16 15:20:00+00:00,99676.62715000022,99477.60715000021,199.02
2024-02-20 17:10:00+00:00,99663.53715000022,99473.58715000022,189.95
2024-02-21 19:00:00+00:00,99679.90615000026,98513.02615000025,1166.8799999999999
2024-02-22 20:50:00+00:00,99675.51640000026,98489.19640000025,1186.32
2024-02-26 16:00:00+00:00,99685.30440000023,99486.29440000023,199.01
2024-02-27 17:45:00+00:00,99665.51360000022,99466.20360000023,199.31
2024-02-28 19:30:00+00:00,99678.80520000022,99476.56520000022,202.24
2024-03-01 14:40:00+00:00,99668.52520000018,99469.76520000018,198.76
2024-03-04 16:25:00+00:00,99673.92680000019,99483.3068000002,190.62
2024-03-05 18:10:00+00:00,99663.6928000002,98579.1928000002,1084.5
2024-03-06 20:00:00+00:00,99649.32780000017,99471.51780000018,177.81
2024-03-08 15:20:00+00:00,99620.66680000015,99442.06180000016,178.605
2024-03-11 16:10:00+00:00,99622.48630000015,99444.04630000015,178.44
2024-03-12 18:00:00+00:00,99639.28230000015,98569.18230000015,1070.1
2024-03-13 19:45:00+00:00,99615.02730000013,99445.05730000013,169.97
2024-03-15 15:05:00+00:00,99593.77030000015,98453.22530000015,1140.545
2024-03-18 16:50:00+00:00,99626.03750000014,99452.89750000014,173.14
2024-03-19 18:40:00+00:00,99625.35750000013,98593.89750000012,1031.46
2024-03-21 14:00:00+00:00,99627.85600000013,99453.43600000013,174.42
2024-03-22 15:45:00+00:00,99605.45850000012,99435.92850000013,169.53
2024-03-25 17:35:00+00:00,99599.53900000014,98563.93900000013,1035.6
2024-03-26 19:25:00+00:00,99621.39400000015,99442.89400000015,178.5
2024-03-28 14:40:00+00:00,99626.15400000016,99449.17400000016,176.98
2024-04-01 16:25:00+00:00,99607.51650000017,98573.71650000017,1033.8
2024-04-02 17:30:00+00:00,99590.42000000017,98424.29000000017,1166.1299999999999
2024-04-03 19:15:00+00:00,99584.52625000018,99416.84625000019,167.68
2024-04-05 14:35:00+00:00,99599.90325000019,98579.7532500002,1020.15
2024-04-08 16:15:00+00:00,99574.80625000021,98536.50625000021,1038.3
2024-04-09 18:05:00+00:00,99599.10425000024,98543.10425000024,1056.0
2024-04-10 19:55:00+00:00,99579.91075000024,98549.23075000025,1030.68
2024-04-12 15:15:00+00:00,99591.89675000023,98557.97675000023,1033.9199999999998
2024-04-15 16:55:00+00:00,99567.31175000026,99403.07175000025,164.24
2024-04-16 18:45:00+00:00,99548.12175000025,99391.85175000025,156.27
2024-04-18 13:55:00+00:00,99540.53175000024,99390.14175000024,150.39
2024-04-19 15:45:00+00:00,99516.49175000025,99366.74175000025,149.75
2024-04-22 17:25:00+00:00,99512.85175000026,98375.89175000026,1136.96
2024-04-23 19:05:00+00:00,99518.92975000026,99374.28975000026,144.64
2024-04-24 19:50:00+00:00,99557.38215000025,98420.23215000026,1137.1499999999999
2024-04-26 14:40:00+00:00,99577.14675000025,98564.13675000025,1013.0100000000001
2024-04-29 15:40:00+00:00,99628.66450000025,99433.96450000025,194.7
2024-04-30 17:00:00+00:00,99592.15350000023,98480.17350000024,1111.98
2024-05-01 18:50:00+00:00,99596.39950000022,99411.10450000022,185.295
2024-05-03 14:10:00+00:00,99611.15850000022,99428.96850000022,182.19
2024-05-06 16:00:00+00:00,99606.4485000002,99423.4935000002,182.955
2024-05-07 17:50:00+00:00,99590.8250000002,99411.8850000002,178.94
2024-05-08 19:25:00+00:00,99581.34500000019,98532.78500000019,1048.56
2024-05-10 14:35:00+00:00,99556.5150000002,99387.1850000002,169.33
2024-05-13 16:25:00+00:00,99574.40300000024,99402.44300000023,171.96
2024-05-14 18:10:00+00:00,99572.05500000024,98510.95500000023,1061.1
2024-05-15 19:35:00+00:00,99588.58550000023,99414.28550000023,174.3
2024-05-17 14:55:00+00:00,99602.07150000025,99424.67150000026,177.4
2024-05-20 16:45:00+00:00,99589.82650000026,98542.04650000026,1047.78
2024-05-21 18:30:00+00:00,99612.98650000028,99427.92650000028,185.06
2024-05-23 13:45:00+00:00,99594.77650000028,99416.16650000028,178.61
2024-05-24 15:35:00+00:00,99611.91150000028,99433.57150000028,178.34
2024-05-28 17:25:00+00:00,99611.79150000027,98555.37150000027,1056.4199999999998
2024-05-29 19:15:00+00:00,99598.59725000027,98535.45725000027,1063.14
2024-05-31 14:30:00+00:00,99603.78725000027,99427.28725000027,176.5
2024-06-03 16:30:00+00:00,99615.65625000026,99440.00625000027,175.65
2024-06-04 18:20:00+00:00,99587.3992500003,98528.51925000029,1058.8799999999999
2024-06-06 13:40:00+00:00,99579.57425000027,99404.71925000027,174.855
2024-06-07 15:30:00+00:00,99586.30525000028,98516.38525000028,1069.9199999999998
2024-06-10 17:20:00+00:00,99573.73525000027,99398.78525000028,174.95
2024-06-11 19:10:00+00:00,99573.33525000027,98553.33525000027,1020.0
2024-06-13 14:25:00+00:00,99583.63725000029,98473.03725000028,1110.6
2024-06-14 15:30:00+00:00,99562.99725000026,99384.03725000026,178.96
2024-06-17 17:10:00+00:00,99584.39525000026,98469.32525000026,1115.07
2024-06-18 19:00:00+00:00,99580.55525000024,98470.37525000024,1110.18
2024-06-21 14:20:00+00:00,99559.11525000025,99377.53025000024,181.585
2024-06-24 16:10:00+00:00,99578.33125000025,98468.21125000025,1110.1200000000001
2024-06-25 18:00:00+00:00,99576.66000000025,99391.33500000025,185.325
2024-06-26 19:50:00+00:00,99630.59500000025,98445.89500000025,1184.7
2024-06-28 15:10:00+00:00,99633.44000000025,99432.54500000025,200.895
2024-07-01 17:00:00+00:00,99654.78400000026,98608.40900000026,1046.375
2024-07-02 18:10:00+00:00,99688.86580000026,99461.00580000026,227.86
2024-07-05 15:00:00+00:00,99720.66860000025,98478.41860000025,1242.25
2024-07-08 15:45:00+00:00,99761.75410000024,99503.66410000024,258.09
2024-07-09 17:20:00+00:00,99768.90030000024,99507.74530000024,261.155
2024-07-10 19:00:00+00:00,99763.45030000026,99498.76030000026,264.69
2024-07-11 20:20:00+00:00,99712.55060000028,99473.50060000028,239.05
2024-07-15 14:40:00+00:00,99742.50750000027,99478.48750000026,264.02
2024-07-16 16:20:00+00:00,99727.36750000024,99476.32750000025,251.04
2024-07-17 17:50:00+00:00,99717.18030000025,99468.46030000025,248.72
2024-07-18 19:40:00+00:00,99722.81130000023,99473.22630000023,249.585
2024-07-22 14:45:00+00:00,99727.78870000025,99479.62870000025,248.16
2024-07-23 16:35:00+00:00,99720.65020000024,99473.64520000023,247.005
2024-07-24 17:20:00+00:00,99705.41600000024,98599.96600000025,1105.45
2024-07-25 18:45:00+00:00,99693.15140000024,99470.19640000023,222.955
2024-07-26 19:20:00+00:00,99691.49040000021,99471.37040000022,220.12
2024-07-30 14:10:00+00:00,99696.76600000022,98543.11600000023,1153.6499999999999
2024-07-31 15:50:00+00:00,99710.87800000022,98550.47800000022,1160.4
2024-08-01 17:40:00+00:00,99691.69800000021,99473.57800000021,218.12
2024-08-02 19:25:00+00:00,99651.93040000024,99445.08040000024,206.85
2024-08-06 13:30:00+00:00,99617.70320000027,99419.54320000026,198.16
2024-08-07 15:20:00+00:00,99614.90900000028,99415.93900000027,198.97
2024-08-08 16:50:00+00:00,99622.5170000003,98435.05700000029,1187.46
2024-08-09 18:35:00+00:00,99618.88300000032,98618.43300000032,1000.45
2024-08-13 13:55:00+00:00,99618.55320000033,98601.75320000033,1016.8000000000001
2024-08-14 15:40:00+00:00,99620.72280000032,98609.32280000033,1011.4
2024-08-15 17:30:00+00:00,99640.37580000033,98568.55080000033,1071.825
2024-08-16 19:20:00+00:00,99633.81260000031,99417.58260000031,216.23
2024-08-20 14:40:00+00:00,99663.08460000031,99443.49460000031,219.59
2024-08-21 16:20:00+00:00,99629.40100000029,99408.06100000029,221.34
2024-08-22 18:10:00+00:00,99611.31100000029,99397.56100000029,213.75
2024-08-23 20:00:00+00:00,99647.6222000003,98545.5222000003,1102.1
2024-08-27 15:15:00+00:00,99611.44220000028,99401.98220000028,209.46
2024-08-28 17:05:00+00:00,99603.77720000029,98569.5022000003,1034.2749999999999
2024-08-29 18:55:00+00:00,99613.2970000003,99406.2870000003,207.01
2024-09-03 14:15:00+00:00,99661.24980000028,98577.89980000028,1083.35
2024-09-04 16:05:00+00:00,99682.75420000027,99463.27420000028,219.48
2024-09-05 17:50:00+00:00,99711.97860000026,98557.52860000027,1154.4499999999998
2024-09-06 19:35:00+00:00,99672.14700000026,99459.48700000026,212.66
2024-09-10 14:50:00+00:00,99691.92080000024,98578.72080000024,1113.1999999999998
2024-09-11 16:40:00+00:00,99688.26080000024,99466.20080000024,222.06
2024-09-12 18:15:00+00:00,99683.38680000024,99454.50180000025,228.885
2024-09-16 13:30:00+00:00,99652.06460000026,99426.96460000025,225.1
2024-09-17 15:20:00+00:00,99650.72460000025,98486.92460000025,1163.8
2024-09-18 17:10:00+00:00,99634.92460000026,99404.70460000026,230.22
2024-09-19 18:55:00+00:00,99666.32340000026,99423.43340000026,242.89
2024-09-23 14:05:00+00:00,99682.58640000029,99434.7614000003,247.825
2024-09-24 15:50:00+00:00,99702.62780000026,98692.86780000027,1009.76
2024-09-25 17:10:00+00:00,99696.03280000022,99440.99280000023,255.04
2024-09-26 18:55:00+00:00,99706.93080000025,99453.17580000024,253.755
2024-09-30 14:00:00+00:00,99747.29550000023,99483.74550000022,263.55
2024-10-01 15:50:00+00:00,99748.22160000022,99494.96160000023,253.26
2024-10-02 17:25:00+00:00,99760.24160000024,99511.67160000023,248.57
2024-10-03 19:15:00+00:00,99749.86160000022,99510.81160000022,239.05
2024-10-07 14:30:00+00:00,99767.91380000021,99522.94380000021,244.97
2024-10-08 16:10:00+00:00,99763.5958000002,98539.4458000002,1224.15
2024-10-09 17:55:00+00:00,99759.35580000022,99515.68580000022,243.67
2024-10-10 19:30:00+00:00,99744.04300000024,99504.08300000023,239.96
2024-10-14 14:50:00+00:00,99719.93300000024,98620.88300000023,1099.05
2024-10-15 16:30:00+00:00,99722.58820000022,99501.89820000021,220.69
2024-10-16 18:15:00+00:00,99719.4932000002,98610.4182000002,1109.075
2024-10-18 13:35:00+00:00,99704.3182000002,99484.1782000002,220.14
2024-10-21 15:25:00+00:00,99684.1732000002,99466.41820000019,217.755
2024-10-22 17:15:00+00:00,99673.27820000019,98589.97820000019,1083.3
2024-10-23 19:05:00+00:00,99667.06320000018,99453.67820000018,213.385
2024-10-24 20:05:00+00:00,99736.02260000019,99476.39260000018,259.63
2024-10-28 14:30:00+00:00,99765.03120000017,98678.47120000017,1086.56
2024-10-29 15:50:00+00:00,99746.09120000017,99487.72120000017,258.37
2024-10-30 17:35:00+00:00,99744.48120000017,99483.19120000018,261.29
2024-10-31 19:20:00+00:00,99727.58120000018,99477.07120000018,250.51
2024-11-04 15:35:00+00:00,99695.92720000018,98464.57720000017,1231.3500000000001
2024-11-05 17:25:00+00:00,99713.82720000019,99459.35720000019,254.47
2024-11-06 18:45:00+00:00,99778.27140000019,99489.81140000018,288.46
2024-11-07 20:30:00+00:00,99795.33800000024,98602.77800000024,1192.56
2024-11-11 14:35:00+00:00,99898.65940000022,99552.34940000022,346.31
2024-11-12 15:15:00+00:00,99913.47780000023,99576.38780000023,337.09
2024-11-13 17:05:00+00:00,99894.60470000024,98564.60470000024,1330.0
2024-11-14 18:40:00+00:00,99845.97290000024,99531.77290000024,314.2
2024-11-15 20:25:00+00:00,99850.40860000029,98570.48860000029,1279.92
2024-11-19 15:45:00+00:00,99900.0185000003,99556.4685000003,343.55
2024-11-20 17:35:00+00:00,99883.05850000028,98869.62850000028,1013.4300000000001
2024-11-21 19:25:00+00:00,99891.8457000003,99550.49570000029,341.35
2024-11-25 14:45:00+00:00,99893.19630000029,99538.19630000029,355.0
2024-11-26 16:35:00+00:00,99869.24630000029,99526.47630000029,342.77
2024-11-27 18:25:00+00:00,99842.33630000027,98515.29630000028,1327.04
2024-12-02 16:40:00+00:00,99891.2219000003,99537.59190000029,353.63
2024-12-03 18:05:00+00:00,99888.85190000029,99537.99190000028,350.86
2024-12-04 19:55:00+00:00,99887.51190000029,98826.26190000029,1061.25
2024-12-06 15:10:00+00:00,99903.5115000003,98784.5415000003,1118.97
2024-12-09 16:55:00+00:00,99929.2931000003,99546.5231000003,382.77
2024-12-10 18:45:00+00:00,99979.99030000028,98753.44030000028,1226.5500000000002
2024-12-11 20:35:00+00:00,100009.62210000028,99587.55210000028,422.07
2024-12-13 15:25:00+00:00,100012.46890000028,99583.88390000028,428.585
2024-12-16 17:10:00+00:00,100058.97330000029,99599.94330000029,459.03
2024-12-17 19:00:00+00:00,100072.73770000027,98653.19770000028,1419.54
2024-12-18 20:00:00+00:00,100054.41040000028,99608.18040000029,446.23
2024-12-19 20:25:00+00:00,100035.02310000031,98718.1431000003,1316.8799999999999
2024-12-23 14:45:00+00:00,100009.3395000003,99584.5495000003,424.79
2024-12-26 18:05:00+00:00,100054.36950000029,99599.2795000003,455.09
2024-12-27 19:45:00+00:00,100021.64950000029,99589.76950000029,431.88
2024-12-31 14:50:00+00:00,99979.53550000027,98713.92550000027,1265.6100000000001
2025-01-02 16:15:00+00:00,99911.49190000027,99531.06190000028,380.43
2025-01-03 18:00:00+00:00,99945.71630000029,99550.0163000003,395.7
2025-01-06 19:30:00+00:00,99950.77630000029,99547.70630000028,403.07
2025-01-08 14:30:00+00:00,99929.66210000028,98732.19710000028,1197.465
2025-01-10 16:15:00+00:00,99877.70460000024,99488.28460000025,389.42
2025-01-13 18:00:00+00:00,99890.83460000023,98703.37460000023,1187.46
2025-01-14 19:45:00+00:00,99916.87140000027,98687.02140000026,1229.85
2025-01-16 14:40:00+00:00,99923.65620000027,99506.63620000027,417.02
2025-01-17 16:30:00+00:00,99966.62480000027,99534.57980000027,432.045
2025-01-21 18:20:00+00:00,99961.62980000026,98703.42980000026,1258.1999999999998
2025-01-22 20:10:00+00:00,99959.51160000026,99541.03660000025,418.475
2025-01-24 15:25:00+00:00,99946.03660000027,98702.17660000027,1243.8600000000001
2025-01-27 16:50:00+00:00,99914.36660000024,99515.06660000024,399.3
2025-01-28 18:30:00+00:00,99896.93660000026,98714.93660000026,1182.0
2025-01-29 20:20:00+00:00,99880.37660000024,98712.35660000023,1168.02
2025-01-31 14:45:00+00:00,99924.67800000023,98689.72800000024,1234.9499999999998
2025-02-03 16:35:00+00:00,99904.99640000022,99519.76640000023,385.23
2025-02-04 18:20:00+00:00,99900.92380000024,98740.85380000023,1160.07
2025-02-05 20:00:00+00:00,99888.86880000024,98749.36380000024,1139.5049999999999
2025-02-07 15:05:00+00:00,99902.70100000023,99530.90100000023,371.8
2025-02-10 16:50:00+00:00,99892.47100000024,98807.73100000023,1084.74
2025-02-11 18:35:00+00:00,99854.78100000025,99522.82100000024,331.96
2025-02-12 19:55:00+00:00,99881.64040000024,98845.05040000024,1036.59
2025-02-14 15:00:00+00:00,99890.84180000024,99537.81180000024,353.03
2025-02-18 16:45:00+00:00,99898.91360000023,98829.05360000023,1069.8600000000001
2025-02-19 18:15:00+00:00,99911.75480000024,98824.73480000024,1087.02
2025-02-20 19:55:00+00:00,99887.21480000026,98824.61480000026,1062.6
2025-02-24 14:30:00+00:00,99875.34420000025,99534.58420000026,340.76
2025-02-25 16:10:00+00:00,99856.52160000027,99552.82160000027,303.7
2025-02-26 17:55:00+00:00,99826.52820000028,99530.04320000028,296.485
2025-02-27 19:25:00+00:00,99816.22410000028,99531.21410000029,285.01
2025-03-03 14:20:00+00:00,99856.15810000028,99555.68810000028,300.47
2025-03-04 16:05:00+00:00,99799.8588000003,99536.5988000003,263.26
2025-03-05 17:55:00+00:00,99822.35635000032,98720.91635000032,1101.44
2025-03-06 19:40:00+00:00,99773.32355000032,99511.51355000032,261.81
2025-03-11 12:20:00+00:00,99707.37265000031,99481.6626500003,225.71
2025-03-12 13:40:00+00:00,99746.83945000032,99498.24945000032,248.59
2025-03-13 15:15:00+00:00,99739.22965000031,99502.06965000031,237.16
2025-03-14 17:00:00+00:00,99767.02465000031,98524.07465000032,1242.95
2025-03-17 18:40:00+00:00,99766.15425000031,99526.61425000032,239.54
2025-03-19 13:40:00+00:00,99752.87105000034,98595.27105000033,1157.6000000000001
2025-03-20 15:10:00+00:00,99775.04385000035,98593.69385000035,1181.3500000000001
2025-03-21 17:00:00+00:00,99823.69225000033,99577.91225000033,245.78
2025-03-24 18:35:00+00:00,99872.40625000032,98774.40625000032,1098.0
2025-03-25 19:55:00+00:00,99907.04295000031,99619.0679500003,287.975
2025-03-27 14:45:00+00:00,99912.35495000027,99625.30495000027,287.05
2025-03-28 16:05:00+00:00,99864.06195000025,99600.23695000025,263.825
2025-03-31 17:35:00+00:00,99858.15040000026,98837.91040000026,1020.24
2025-04-01 19:15:00+00:00,99852.08170000026,99582.59170000025,269.49
2025-04-03 12:15:00+00:00,99809.85670000024,99543.75670000023,266.1
2025-04-04 13:55:00+00:00,99777.37965000024,99525.14965000024,252.23
2025-04-07 15:30:00+00:00,99669.02785000025,99441.65785000025,227.37
2025-04-08 16:30:00+00:00,99704.45585000026,99469.26585000026,235.19
2025-04-09 17:05:00+00:00,99728.24745000026,99494.08745000025,234.16
2025-04-10 17:50:00+00:00,99747.99285000024,98500.61785000024,1247.375
2025-04-11 19:25:00+00:00,99794.18655000026,98542.23655000026,1251.9499999999998
2025-04-15 13:40:00+00:00,99830.69895000027,98818.13895000027,1012.56
2025-04-16 15:20:00+00:00,99819.41260000027,98818.37260000028,1001.04
2025-04-17 17:10:00+00:00,99808.7850000003,98605.48500000029,1203.3
2025-04-21 18:45:00+00:00,99770.09760000027,99546.29760000027,223.8
2025-04-22 20:30:00+00:00,99814.45200000028,98617.95200000028,1196.5
2025-04-24 14:35:00+00:00,99851.2728000003,98824.39280000029,1026.88
2025-04-25 16:25:00+00:00,99882.77750000027,99598.36250000028,284.415
2025-04-28 18:00:00+00:00,99889.81390000027,99609.26390000027,280.55
2025-04-29 19:35:00+00:00,99901.01700000025,98748.01700000025,1153.0
2025-05-01 14:30:00+00:00,99945.78880000027,98790.70880000027,1155.08
2025-05-02 16:20:00+00:00,99946.03600000027,99656.18600000026,289.85
2025-05-05 18:05:00+00:00,99953.03600000027,98826.89600000027,1126.14
2025-05-06 19:50:00+00:00,99937.16720000026,99661.91720000026,275.25
2025-05-08 15:05:00+00:00,99949.49720000025,99667.64720000024,281.85
2025-05-09 16:50:00+00:00,100004.60570000026,99706.82570000026,297.78
2025-05-12 17:50:00+00:00,100043.65770000027,98766.81770000028,1276.84
2025-05-13 19:05:00+00:00,100088.31210000027,99753.35210000027,334.96
2025-05-15 13:45:00+00:00,100087.51550000029,99750.41550000028,337.1
2025-05-16 15:25:00+00:00,100118.54890000031,99075.32890000031,1043.22
2025-05-19 16:50:00+00:00,100093.1725000003,99073.83250000031,1019.3399999999999
2025-05-20 18:10:00+00:00,100133.71650000032,99071.53650000032,1062.18
2025-05-21 19:40:00+00:00,100099.37650000036,99763.55650000036,335.82
2025-05-23 14:30:00+00:00,100119.86170000034,99782.63170000035,337.23
2025-05-27 16:05:00+00:00,100149.03170000036,99076.62170000035,1072.41
2025-05-28 17:45:00+00:00,100164.75130000037,99076.11130000037,1088.6399999999999
2025-05-29 19:20:00+00:00,100169.65990000035,99092.16490000035,1077.4950000000001
2025-06-02 13:35:00+00:00,100149.73490000035,99802.87490000034,346.86
2025-06-03 14:20:00+00:00,100162.66570000035,99815.82570000035,346.84
2025-06-04 16:00:00+00:00,100161.31490000035,98822.71490000034,1338.6
2025-06-05 16:50:00+00:00,100119.92490000032,99814.69490000032,305.23
2025-06-06 17:00:00+00:00,100138.44240000029,99838.19240000029,300.25
2025-06-09 18:05:00+00:00,100137.60700000027,99838.48700000027,299.12
2025-06-10 19:50:00+00:00,100198.34540000027,99872.72540000027,325.62
2025-06-12 13:35:00+00:00,100185.56620000028,98874.60620000027,1310.96
2025-06-13 14:40:00+00:00,100152.01620000029,98885.85620000029,1266.16
2025-06-16 16:15:00+00:00,100161.96410000027,98840.04410000028,1321.92
2025-06-17 17:50:00+00:00,100138.96410000026,99820.98410000026,317.98
2025-06-18 19:35:00+00:00,100146.80910000028,98852.32910000028,1294.48
2025-06-23 14:50:00+00:00,100184.96210000025,99828.83210000025,356.13
2025-06-24 16:25:00+00:00,100157.47370000024,99815.40870000023,342.065
2025-06-25 18:05:00+00:00,100122.43490000021,99797.2899000002,325.145
2025-06-26 19:30:00+00:00,100093.70070000016,98782.22070000017,1311.48
2025-06-30 14:25:00+00:00,100058.84100000017,99739.22100000018,319.62
2025-07-01 15:35:00+00:00,100023.8286000002,98815.3086000002,1208.52
2025-07-02 16:35:00+00:00,100037.2887000002,99724.23870000019,313.05
2025-07-07 13:30:00+00:00,100006.12370000021,99715.43370000021,290.69
2025-07-08 15:00:00+00:00,100026.88470000021,99725.26470000022,301.62
2025-07-09 15:40:00+00:00,100009.34970000018,99713.30970000019,296.04
2025-07-10 17:00:00+00:00,100029.74030000021,99726.63030000021,303.11
2025-07-11 18:50:00+00:00,100060.0757000002,98813.6157000002,1246.46
2025-07-15 14:10:00+00:00,100085.9167000002,98813.2767000002,1272.64
2025-07-16 15:50:00+00:00,100086.70330000021,98808.78330000021,1277.92
2025-07-17 17:40:00+00:00,100065.60080000023,99747.70080000024,317.9
2025-07-18 19:30:00+00:00,100091.29440000025,99762.52440000024,328.77
2025-07-22 14:50:00+00:00,100094.96020000026,98781.64020000026,1313.32
2025-07-23 16:40:00+00:00,100096.47520000023,99763.93520000024,332.54
2025-07-24 17:30:00+00:00,100063.89740000025,98842.29740000024,1221.6
2025-07-25 19:15:00+00:00,100087.26780000023,99771.41780000023,315.85
2025-07-29 14:30:00+00:00,100104.81940000021,99784.66940000022,320.15
2025-07-30 16:20:00+00:00,100091.86440000022,99773.38940000022,318.475
2025-07-31 17:55:00+00:00,100072.29440000017,99763.93940000018,308.355
2025-08-01 19:20:00+00:00,100050.84195000016,99749.00195000017,301.84
2025-08-05 14:35:00+00:00,100044.03795000019,99735.71795000018,308.32
2025-08-06 16:20:00+00:00,100071.52095000015,99753.60095000015,317.92
2025-08-07 18:00:00+00:00,100058.48095000014,99739.83095000015,318.65
2025-08-08 19:35:00+00:00,100080.45055000015,99753.01055000015,327.44
2025-08-12 13:55:00+00:00,100098.70155000014,99762.77655000014,335.925
2025-08-13 15:35:00+00:00,100112.05655000012,99770.15655000013,341.9
2025-08-14 17:10:00+00:00,100093.77655000014,98763.97655000014,1329.8
2025-08-15 18:55:00+00:00,100087.50655000012,99758.68655000011,328.82
2025-08-19 14:10:00+00:00,100102.17155000016,99082.65155000016,1019.52
2025-08-20 15:45:00+00:00,100059.59655000013,98780.91655000014,1278.68
2025-08-21 17:30:00+00:00,100038.25165000014,99718.12165000013,320.13
2025-08-22 19:05:00+00:00,100083.66235000013,99065.47735000013,1018.185
2025-08-26 14:05:00+00:00,100089.38735000015,99743.06735000014,346.32
2025-08-27 15:45:00+00:00,100103.48265000015,99044.03265000015,1059.4499999999998
2025-08-28 17:20:00+00:00,100083.43025000014,99739.72025000013,343.71
2025-08-29 19:10:00+00:00,100071.90025000014,99739.58025000013,332.32
2025-09-03 14:20:00+00:00,100070.17415000014,98729.39415000014,1340.78
2025-09-04 16:10:00+00:00,100061.27615000017,99058.22615000016,1003.0500000000001
2025-09-05 17:50:00+00:00,100087.08655000018,99036.48655000018,1050.6
2025-09-08 19:30:00+00:00,100096.05775000017,99750.28775000016,345.77
2025-09-10 14:40:00+00:00,100098.84775000019,99043.23775000019,1055.6100000000001
2025-09-11 16:25:00+00:00,100122.88315000018,99762.52315000018,360.36
2025-09-12 18:15:00+00:00,100191.4407500002,99006.59075000019,1184.85
2025-09-16 12:15:00+00:00,100231.39795000022,98987.98795000021,1243.41
2025-09-17 14:55:00+00:00,100222.46815000022,99808.78315000022,413.685
2025-09-18 16:45:00+00:00,100254.55015000021,98979.58015000021,1274.97
2025-09-19 18:25:00+00:00,100252.9101500002,98975.7501500002,1277.16
2025-09-23 13:35:00+00:00,100278.8243500002,98971.6043500002,1307.22
2025-09-24 15:25:00+00:00,100289.1343500002,98971.0243500002,1318.1100000000001
2025-09-25 17:15:00+00:00,100265.0249500002,98978.3849500002,1286.6399999999999
2025-09-26 19:00:00+00:00,100269.24535000019,99831.16035000018,438.085
2025-09-30 14:20:00+00:00,100260.05035000018,99821.92035000017,438.13
2025-10-01 16:10:00+00:00,100289.51195000019,99834.59195000019,454.92
2025-10-02 17:25:00+00:00,100304.25375000019,98966.68875000019,1337.565
2025-10-03 19:05:00+00:00,100269.36875000021,98994.30875000021,1275.06
